-- phpMyAdmin SQL Dump
-- version 5.2.0
-- https://www.phpmyadmin.net/
--
-- Host: localhost:3306
-- Generation Time: Dec 24, 2025 at 02:33 PM
-- Server version: 8.0.30
-- PHP Version: 8.1.10

SET SQL_MODE = "NO_AUTO_VALUE_ON_ZERO";
START TRANSACTION;
SET time_zone = "+00:00";


/*!40101 SET @OLD_CHARACTER_SET_CLIENT=@@CHARACTER_SET_CLIENT */;
/*!40101 SET @OLD_CHARACTER_SET_RESULTS=@@CHARACTER_SET_RESULTS */;
/*!40101 SET @OLD_COLLATION_CONNECTION=@@COLLATION_CONNECTION */;
/*!40101 SET NAMES utf8mb4 */;

--
-- Database: `rpa_core`
--

-- --------------------------------------------------------

--
-- Table structure for table `tbl_application`
--

CREATE TABLE `tbl_application` (
  `id` int NOT NULL,
  `name` varchar(100) CHARACTER SET utf8mb4 COLLATE utf8mb4_0900_ai_ci NOT NULL,
  `path` varchar(100) NOT NULL,
  `created_at` datetime DEFAULT CURRENT_TIMESTAMP,
  `created_by` varchar(100) DEFAULT NULL,
  `modify_at` datetime DEFAULT NULL ON UPDATE CURRENT_TIMESTAMP,
  `modify_by` varchar(100) DEFAULT NULL
) ENGINE=InnoDB DEFAULT CHARSET=utf8mb4 COLLATE=utf8mb4_0900_ai_ci;

--
-- Dumping data for table `tbl_application`
--

INSERT INTO `tbl_application` (`id`, `name`, `path`, `created_at`, `created_by`, `modify_at`, `modify_by`) VALUES
(54, 'AA123B', 'CSV\\', '2025-12-11 19:49:47', 'admin', '2025-12-19 13:31:12', 'admin'),
(55, 'CH97B12W', 'Data\\SCM\\CSV', '2025-12-12 11:39:03', 'admin', '2025-12-23 22:10:59', 'admin'),
(57, 'CC0004', 'a', '2025-12-17 10:33:22', 'admin', NULL, 'admin');

-- --------------------------------------------------------

--
-- Table structure for table `tbl_data`
--

CREATE TABLE `tbl_data` (
  `data_id` bigint UNSIGNED NOT NULL,
  `record_no` varchar(50) NOT NULL,
  `date` date NOT NULL DEFAULT (curdate()),
  `time` time NOT NULL DEFAULT (curtime()),
  `line_id` int NOT NULL,
  `application_id` int NOT NULL,
  `file_id` int NOT NULL,
  `header_id` int NOT NULL,
  `data_1` varchar(70) DEFAULT NULL,
  `data_2` varchar(70) DEFAULT NULL,
  `data_3` varchar(70) DEFAULT NULL,
  `data_4` varchar(70) DEFAULT NULL,
  `data_5` varchar(70) DEFAULT NULL,
  `data_6` varchar(70) DEFAULT NULL,
  `data_7` varchar(70) DEFAULT NULL,
  `data_8` varchar(70) DEFAULT NULL,
  `data_9` varchar(70) DEFAULT NULL,
  `data_10` varchar(70) DEFAULT NULL,
  `data_11` varchar(70) DEFAULT NULL,
  `data_12` varchar(70) DEFAULT NULL,
  `data_13` varchar(70) DEFAULT NULL,
  `data_14` varchar(70) DEFAULT NULL,
  `data_15` varchar(70) DEFAULT NULL,
  `data_16` varchar(70) DEFAULT NULL,
  `data_17` varchar(70) DEFAULT NULL,
  `data_18` varchar(70) DEFAULT NULL,
  `data_19` varchar(70) DEFAULT NULL,
  `data_20` varchar(70) DEFAULT NULL,
  `data_21` varchar(70) DEFAULT NULL,
  `data_22` varchar(70) DEFAULT NULL,
  `data_23` varchar(70) DEFAULT NULL,
  `data_24` varchar(70) DEFAULT NULL,
  `data_25` varchar(70) DEFAULT NULL,
  `data_26` varchar(70) DEFAULT NULL,
  `data_27` varchar(70) DEFAULT NULL,
  `data_28` varchar(70) DEFAULT NULL,
  `data_29` varchar(70) DEFAULT NULL,
  `data_30` varchar(70) DEFAULT NULL,
  `data_31` varchar(70) DEFAULT NULL,
  `data_32` varchar(70) DEFAULT NULL,
  `data_33` varchar(70) DEFAULT NULL,
  `data_34` varchar(70) DEFAULT NULL,
  `data_35` varchar(70) DEFAULT NULL,
  `data_36` varchar(70) DEFAULT NULL,
  `data_37` varchar(70) DEFAULT NULL,
  `data_38` varchar(70) DEFAULT NULL,
  `data_39` varchar(70) DEFAULT NULL,
  `data_40` varchar(70) DEFAULT NULL,
  `data_41` varchar(70) DEFAULT NULL,
  `data_42` varchar(70) DEFAULT NULL,
  `data_43` varchar(70) DEFAULT NULL,
  `data_44` varchar(70) DEFAULT NULL,
  `data_45` varchar(70) DEFAULT NULL,
  `data_46` varchar(70) DEFAULT NULL,
  `data_47` varchar(70) DEFAULT NULL,
  `data_48` varchar(70) DEFAULT NULL,
  `data_49` varchar(70) DEFAULT NULL,
  `data_50` varchar(70) DEFAULT NULL,
  `data_51` varchar(70) DEFAULT NULL,
  `data_52` varchar(70) DEFAULT NULL,
  `data_53` varchar(70) DEFAULT NULL,
  `data_54` varchar(70) DEFAULT NULL,
  `data_55` varchar(70) DEFAULT NULL,
  `data_56` varchar(70) DEFAULT NULL,
  `data_57` varchar(70) DEFAULT NULL,
  `data_58` varchar(70) DEFAULT NULL,
  `data_59` varchar(70) DEFAULT NULL,
  `data_60` varchar(70) DEFAULT NULL,
  `data_61` varchar(70) DEFAULT NULL,
  `data_62` varchar(70) DEFAULT NULL,
  `data_63` varchar(70) DEFAULT NULL,
  `data_64` varchar(70) DEFAULT NULL,
  `data_65` varchar(70) DEFAULT NULL,
  `data_66` varchar(70) DEFAULT NULL,
  `data_67` varchar(70) DEFAULT NULL,
  `data_68` varchar(70) DEFAULT NULL,
  `data_69` varchar(70) DEFAULT NULL,
  `data_70` varchar(70) DEFAULT NULL,
  `data_71` varchar(70) DEFAULT NULL,
  `data_72` varchar(70) DEFAULT NULL,
  `data_73` varchar(70) DEFAULT NULL,
  `data_74` varchar(70) DEFAULT NULL,
  `data_75` varchar(70) DEFAULT NULL,
  `data_76` varchar(70) DEFAULT NULL,
  `data_77` varchar(70) DEFAULT NULL,
  `data_78` varchar(70) DEFAULT NULL,
  `data_79` varchar(70) DEFAULT NULL,
  `data_80` varchar(70) DEFAULT NULL,
  `data_81` varchar(70) DEFAULT NULL,
  `data_82` varchar(70) DEFAULT NULL,
  `data_83` varchar(70) DEFAULT NULL,
  `data_84` varchar(70) DEFAULT NULL,
  `data_85` varchar(70) DEFAULT NULL,
  `data_86` varchar(70) DEFAULT NULL,
  `data_87` varchar(70) DEFAULT NULL,
  `data_88` varchar(70) DEFAULT NULL,
  `data_89` varchar(70) DEFAULT NULL,
  `data_90` varchar(70) DEFAULT NULL,
  `data_91` varchar(70) DEFAULT NULL,
  `data_92` varchar(70) DEFAULT NULL,
  `data_93` varchar(70) DEFAULT NULL,
  `data_94` varchar(70) DEFAULT NULL,
  `data_95` varchar(70) DEFAULT NULL,
  `data_96` varchar(70) DEFAULT NULL,
  `data_97` varchar(70) DEFAULT NULL,
  `data_98` varchar(70) DEFAULT NULL,
  `data_99` varchar(70) DEFAULT NULL,
  `data_100` varchar(70) DEFAULT NULL,
  `data_101` varchar(70) DEFAULT NULL,
  `data_102` varchar(70) DEFAULT NULL,
  `data_103` varchar(70) DEFAULT NULL,
  `data_104` varchar(70) DEFAULT NULL,
  `data_105` varchar(70) DEFAULT NULL,
  `data_106` varchar(70) DEFAULT NULL,
  `data_107` varchar(70) DEFAULT NULL,
  `data_108` varchar(70) DEFAULT NULL,
  `data_109` varchar(70) DEFAULT NULL,
  `data_110` varchar(70) DEFAULT NULL,
  `data_111` varchar(70) DEFAULT NULL,
  `data_112` varchar(70) DEFAULT NULL,
  `data_113` varchar(70) DEFAULT NULL,
  `data_114` varchar(70) DEFAULT NULL,
  `data_115` varchar(70) DEFAULT NULL,
  `data_116` varchar(70) DEFAULT NULL,
  `data_117` varchar(70) DEFAULT NULL,
  `data_118` varchar(70) DEFAULT NULL,
  `data_119` varchar(70) DEFAULT NULL,
  `data_120` varchar(70) DEFAULT NULL,
  `data_121` varchar(70) DEFAULT NULL,
  `data_122` varchar(70) DEFAULT NULL,
  `data_123` varchar(70) DEFAULT NULL,
  `data_124` varchar(70) DEFAULT NULL,
  `data_125` varchar(70) DEFAULT NULL,
  `data_126` varchar(70) DEFAULT NULL,
  `data_127` varchar(70) DEFAULT NULL,
  `data_128` varchar(70) DEFAULT NULL,
  `data_129` varchar(70) DEFAULT NULL,
  `data_130` varchar(70) DEFAULT NULL,
  `data_131` varchar(70) DEFAULT NULL,
  `data_132` varchar(70) DEFAULT NULL,
  `data_133` varchar(70) DEFAULT NULL,
  `data_134` varchar(70) DEFAULT NULL,
  `data_135` varchar(70) DEFAULT NULL,
  `data_136` varchar(70) DEFAULT NULL,
  `data_137` varchar(70) DEFAULT NULL,
  `data_138` varchar(70) DEFAULT NULL,
  `data_139` varchar(70) DEFAULT NULL,
  `data_140` varchar(70) DEFAULT NULL,
  `data_141` varchar(70) DEFAULT NULL,
  `data_142` varchar(70) DEFAULT NULL,
  `data_143` varchar(70) DEFAULT NULL,
  `data_144` varchar(70) DEFAULT NULL,
  `data_145` varchar(70) DEFAULT NULL,
  `data_146` varchar(70) DEFAULT NULL,
  `data_147` varchar(70) DEFAULT NULL,
  `data_148` varchar(70) DEFAULT NULL,
  `data_149` varchar(70) DEFAULT NULL,
  `data_150` varchar(70) DEFAULT NULL,
  `data_151` varchar(70) DEFAULT NULL,
  `data_152` varchar(70) DEFAULT NULL,
  `data_153` varchar(70) DEFAULT NULL,
  `data_154` varchar(70) DEFAULT NULL,
  `data_155` varchar(70) DEFAULT NULL,
  `data_156` varchar(70) DEFAULT NULL,
  `data_157` varchar(70) DEFAULT NULL,
  `data_158` varchar(70) DEFAULT NULL,
  `data_159` varchar(70) DEFAULT NULL,
  `data_160` varchar(70) DEFAULT NULL,
  `data_161` varchar(70) DEFAULT NULL,
  `data_162` varchar(70) DEFAULT NULL,
  `data_163` varchar(70) DEFAULT NULL,
  `data_164` varchar(70) DEFAULT NULL,
  `data_165` varchar(70) DEFAULT NULL,
  `data_166` varchar(70) DEFAULT NULL,
  `data_167` varchar(70) DEFAULT NULL,
  `data_168` varchar(70) DEFAULT NULL,
  `data_169` varchar(70) DEFAULT NULL,
  `data_170` varchar(70) DEFAULT NULL,
  `data_171` varchar(70) DEFAULT NULL,
  `data_172` varchar(70) DEFAULT NULL,
  `data_173` varchar(70) DEFAULT NULL,
  `data_174` varchar(70) DEFAULT NULL,
  `data_175` varchar(70) DEFAULT NULL,
  `data_176` varchar(70) DEFAULT NULL,
  `data_177` varchar(70) DEFAULT NULL,
  `data_178` varchar(70) DEFAULT NULL,
  `data_179` varchar(70) DEFAULT NULL,
  `data_180` varchar(70) DEFAULT NULL,
  `data_181` varchar(70) DEFAULT NULL,
  `data_182` varchar(70) DEFAULT NULL,
  `data_183` varchar(70) DEFAULT NULL,
  `data_184` varchar(70) DEFAULT NULL,
  `data_185` varchar(70) DEFAULT NULL,
  `data_186` varchar(70) DEFAULT NULL,
  `data_187` varchar(70) DEFAULT NULL,
  `data_188` varchar(70) DEFAULT NULL,
  `data_189` varchar(70) DEFAULT NULL,
  `data_190` varchar(70) DEFAULT NULL
) ENGINE=InnoDB DEFAULT CHARSET=utf8mb4 COLLATE=utf8mb4_0900_ai_ci;

--
-- Dumping data for table `tbl_data`
--

INSERT INTO `tbl_data` (`data_id`, `record_no`, `date`, `time`, `line_id`, `application_id`, `file_id`, `header_id`, `data_1`, `data_2`, `data_3`, `data_4`, `data_5`, `data_6`, `data_7`, `data_8`, `data_9`, `data_10`, `data_11`, `data_12`, `data_13`, `data_14`, `data_15`, `data_16`, `data_17`, `data_18`, `data_19`, `data_20`, `data_21`, `data_22`, `data_23`, `data_24`, `data_25`, `data_26`, `data_27`, `data_28`, `data_29`, `data_30`, `data_31`, `data_32`, `data_33`, `data_34`, `data_35`, `data_36`, `data_37`, `data_38`, `data_39`, `data_40`, `data_41`, `data_42`, `data_43`, `data_44`, `data_45`, `data_46`, `data_47`, `data_48`, `data_49`, `data_50`, `data_51`, `data_52`, `data_53`, `data_54`, `data_55`, `data_56`, `data_57`, `data_58`, `data_59`, `data_60`, `data_61`, `data_62`, `data_63`, `data_64`, `data_65`, `data_66`, `data_67`, `data_68`, `data_69`, `data_70`, `data_71`, `data_72`, `data_73`, `data_74`, `data_75`, `data_76`, `data_77`, `data_78`, `data_79`, `data_80`, `data_81`, `data_82`, `data_83`, `data_84`, `data_85`, `data_86`, `data_87`, `data_88`, `data_89`, `data_90`, `data_91`, `data_92`, `data_93`, `data_94`, `data_95`, `data_96`, `data_97`, `data_98`, `data_99`, `data_100`, `data_101`, `data_102`, `data_103`, `data_104`, `data_105`, `data_106`, `data_107`, `data_108`, `data_109`, `data_110`, `data_111`, `data_112`, `data_113`, `data_114`, `data_115`, `data_116`, `data_117`, `data_118`, `data_119`, `data_120`, `data_121`, `data_122`, `data_123`, `data_124`, `data_125`, `data_126`, `data_127`, `data_128`, `data_129`, `data_130`, `data_131`, `data_132`, `data_133`, `data_134`, `data_135`, `data_136`, `data_137`, `data_138`, `data_139`, `data_140`, `data_141`, `data_142`, `data_143`, `data_144`, `data_145`, `data_146`, `data_147`, `data_148`, `data_149`, `data_150`, `data_151`, `data_152`, `data_153`, `data_154`, `data_155`, `data_156`, `data_157`, `data_158`, `data_159`, `data_160`, `data_161`, `data_162`, `data_163`, `data_164`, `data_165`, `data_166`, `data_167`, `data_168`, `data_169`, `data_170`, `data_171`, `data_172`, `data_173`, `data_174`, `data_175`, `data_176`, `data_177`, `data_178`, `data_179`, `data_180`, `data_181`, `data_182`, `data_183`, `data_184`, `data_185`, `data_186`, `data_187`, `data_188`, `data_189`, `data_190`) VALUES
(1, 'rec_561c7a7440', '2025-12-24', '07:36:37', 1, 55, 6, 6, '1808205AT044424006', '18394459T124424006', 'CH880410LA24429014', '12345678', '1', '2024/05/01', '03:02:23', '0.39', '0.14', '0.05', '', NULL, NULL, NULL, NULL, NULL, NULL, NULL, NULL, NULL, NULL, NULL, NULL, NULL, NULL, NULL, NULL, NULL, NULL, NULL, NULL, NULL, NULL, NULL, NULL, NULL, NULL, NULL, NULL, NULL, NULL, NULL, NULL, NULL, NULL, NULL, NULL, NULL, NULL, NULL, NULL, NULL, NULL, NULL, NULL, NULL, NULL, NULL, NULL, NULL, NULL, NULL, NULL, NULL, NULL, NULL, NULL, NULL, NULL, NULL, NULL, NULL, NULL, NULL, NULL, NULL, NULL, NULL, NULL, NULL, NULL, NULL, NULL, NULL, NULL, NULL, NULL, NULL, NULL, NULL, NULL, NULL, NULL, NULL, NULL, NULL, NULL, NULL, NULL, NULL, NULL, NULL, NULL, NULL, NULL, NULL, NULL, NULL, NULL, NULL, NULL, NULL, NULL, NULL, NULL, NULL, NULL, NULL, NULL, NULL, NULL, NULL, NULL, NULL, NULL, NULL, NULL, NULL, NULL, NULL, NULL, NULL, NULL, NULL, NULL, NULL, NULL, NULL, NULL, NULL, NULL, NULL, NULL, NULL, NULL, NULL, NULL, NULL, NULL, NULL, NULL, NULL, NULL, NULL, NULL, NULL, NULL, NULL, NULL, NULL, NULL, NULL, NULL, NULL, NULL, NULL, NULL, NULL, NULL, NULL, NULL, NULL, NULL, NULL, NULL, NULL, NULL, NULL, NULL, NULL, NULL, NULL, NULL, NULL, NULL, NULL, NULL, NULL, NULL, NULL),
(2, 'rec_561fc98bca', '2025-12-24', '07:36:38', 1, 55, 6, 6, '1808205AT044424008', '18394459T124424008', 'CH880410LA14429001', '12345678', '1', '2024/05/01', '03:55:26', '0.47', '0.26', '0.05', '', NULL, NULL, NULL, NULL, NULL, NULL, NULL, NULL, NULL, NULL, NULL, NULL, NULL, NULL, NULL, NULL, NULL, NULL, NULL, NULL, NULL, NULL, NULL, NULL, NULL, NULL, NULL, NULL, NULL, NULL, NULL, NULL, NULL, NULL, NULL, NULL, NULL, NULL, NULL, NULL, NULL, NULL, NULL, NULL, NULL, NULL, NULL, NULL, NULL, NULL, NULL, NULL, NULL, NULL, NULL, NULL, NULL, NULL, NULL, NULL, NULL, NULL, NULL, NULL, NULL, NULL, NULL, NULL, NULL, NULL, NULL, NULL, NULL, NULL, NULL, NULL, NULL, NULL, NULL, NULL, NULL, NULL, NULL, NULL, NULL, NULL, NULL, NULL, NULL, NULL, NULL, NULL, NULL, NULL, NULL, NULL, NULL, NULL, NULL, NULL, NULL, NULL, NULL, NULL, NULL, NULL, NULL, NULL, NULL, NULL, NULL, NULL, NULL, NULL, NULL, NULL, NULL, NULL, NULL, NULL, NULL, NULL, NULL, NULL, NULL, NULL, NULL, NULL, NULL, NULL, NULL, NULL, NULL, NULL, NULL, NULL, NULL, NULL, NULL, NULL, NULL, NULL, NULL, NULL, NULL, NULL, NULL, NULL, NULL, NULL, NULL, NULL, NULL, NULL, NULL, NULL, NULL, NULL, NULL, NULL, NULL, NULL, NULL, NULL, NULL, NULL, NULL, NULL, NULL, NULL, NULL, NULL, NULL, NULL, NULL, NULL, NULL, NULL, NULL),
(3, 'rec_5617825e1e', '2025-12-24', '07:36:38', 1, 55, 2, 2, '1808205AT044424008', '18394459T124424008', 'CH880410LA14429001', '12345678', '1', '5/1/2024', '3:55:26', '0.03', '0.06', '0.08', '0.25', '-0.29', '-0.18', '0.08', '', '', '', '', '', '', '', '', '', '', '', '', '', '', '', '', '', '', '', '', '', '', '', '', '', '', '', '', '', '', '', '', '', '', '', '', '', '', '', '', '', '', '', '', '', '', '', '', '', '', '', '', '', '', '', '', '', '', '', '', '', '', '', '', '', '', '', '', '', '', '', '', '', '', '', '', '', '', '', '', '', '', '', '', '', '', '', '', '', '', '', '', '', '', '', '', '', '', '', '', '', '', '', '', '', '', '', '', '', '', '', '', '', '', '', '', '', '', '', '', '', '', '', '', '', '', '', '', '', '', '', '', '', '', '', '', '', '', '', '', '', '', '', '', '', '', '', '', '', '', '', '', '', '', '', '', '', '', '', '', '', '', '', '', '', '', '', '', '', '', '', '', '', '', '', ''),
(4, 'rec_561f8d0f96', '2025-12-24', '07:36:41', 1, 55, 2, 2, '1808205AT044424006', '18394459T124424006', 'CH880410LA24429014', '12345678', '1', '5/1/2024', '3:02:22', '-0.11', '-0.08', '-0.26', '-0.01', '-0.23', '-0.26', '0.16', '', '', '', '', '', '', '', '', '', '', '', '', '', '', '', '', '', '', '', '', '', '', '', '', '', '', '', '', '', '', '', '', '', '', '', '', '', '', '', '', '', '', '', '', '', '', '', '', '', '', '', '', '', '', '', '', '', '', '', '', '', '', '', '', '', '', '', '', '', '', '', '', '', '', '', '', '', '', '', '', '', '', '', '', '', '', '', '', '', '', '', '', '', '', '', '', '', '', '', '', '', '', '', '', '', '', '', '', '', '', '', '', '', '', '', '', '', '', '', '', '', '', '', '', '', '', '', '', '', '', '', '', '', '', '', '', '', '', '', '', '', '', '', '', '', '', '', '', '', '', '', '', '', '', '', '', '', '', '', '', '', '', '', '', '', '', '', '', '', '', '', '', '', '', '', ''),
(5, 'rec_561a4e8d8e', '2025-12-24', '07:36:43', 1, 55, 2, 2, '1808205AT044424007', '18394459T124424006', 'CH880410LA24429014', '12345678', '1', '5/1/2024', '3:02:22', '-0.11', '-0.08', '-0.26', '-0.01', '-0.23', '-0.26', '0.19', '', '', '', '', '', '', '', '', '', '', '', '', '', '', '', '', '', '', '', '', '', '', '', '', '', '', '', '', '', '', '', '', '', '', '', '', '', '', '', '', '', '', '', '', '', '', '', '', '', '', '', '', '', '', '', '', '', '', '', '', '', '', '', '', '', '', '', '', '', '', '', '', '', '', '', '', '', '', '', '', '', '', '', '', '', '', '', '', '', '', '', '', '', '', '', '', '', '', '', '', '', '', '', '', '', '', '', '', '', '', '', '', '', '', '', '', '', '', '', '', '', '', '', '', '', '', '', '', '', '', '', '', '', '', '', '', '', '', '', '', '', '', '', '', '', '', '', '', '', '', '', '', '', '', '', '', '', '', '', '', '', '', '', '', '', '', '', '', '', '', '', '', '', '', '', ''),
(6, 'rec_5613128813', '2025-12-24', '07:36:45', 1, 55, 2, 2, '1808205AT044424009', '18394459T124424006', 'CH880410LA24429014', '12345678', '1', '5/1/2024', '3:02:22', '-0.11', '-0.08', '-0.26', '-0.01', '-0.23', '-0.26', '0.29', '', '', '', '', '', '', '', '', '', '', '', '', '', '', '', '', '', '', '', '', '', '', '', '', '', '', '', '', '', '', '', '', '', '', '', '', '', '', '', '', '', '', '', '', '', '', '', '', '', '', '', '', '', '', '', '', '', '', '', '', '', '', '', '', '', '', '', '', '', '', '', '', '', '', '', '', '', '', '', '', '', '', '', '', '', '', '', '', '', '', '', '', '', '', '', '', '', '', '', '', '', '', '', '', '', '', '', '', '', '', '', '', '', '', '', '', '', '', '', '', '', '', '', '', '', '', '', '', '', '', '', '', '', '', '', '', '', '', '', '', '', '', '', '', '', '', '', '', '', '', '', '', '', '', '', '', '', '', '', '', '', '', '', '', '', '', '', '', '', '', '', '', '', '', '', ''),
(7, 'rec_561834dc01', '2025-12-24', '07:36:47', 1, 55, 2, 2, '1808205AT044424010', '18394459T124424006', 'CH880410LA24429014', '12345678', '1', '5/1/2024', '3:02:22', '-0.11', '-0.08', '-0.26', '-0.01', '-0.23', '-0.26', '0.29', '', '', '', '', '', '', '', '', '', '', '', '', '', '', '', '', '', '', '', '', '', '', '', '', '', '', '', '', '', '', '', '', '', '', '', '', '', '', '', '', '', '', '', '', '', '', '', '', '', '', '', '', '', '', '', '', '', '', '', '', '', '', '', '', '', '', '', '', '', '', '', '', '', '', '', '', '', '', '', '', '', '', '', '', '', '', '', '', '', '', '', '', '', '', '', '', '', '', '', '', '', '', '', '', '', '', '', '', '', '', '', '', '', '', '', '', '', '', '', '', '', '', '', '', '', '', '', '', '', '', '', '', '', '', '', '', '', '', '', '', '', '', '', '', '', '', '', '', '', '', '', '', '', '', '', '', '', '', '', '', '', '', '', '', '', '', '', '', '', '', '', '', '', '', '', ''),
(8, 'rec_561ed7445b', '2025-12-24', '07:36:49', 1, 55, 2, 2, '1808205AT044424011', '18394459T124424006', 'CH880410LA24429014', '12345678', '1', '5/1/2024', '3:02:22', '-0.11', '-0.08', '-0.26', '-0.01', '-0.23', '-0.26', '0.59', '', '', '', '', '', '', '', '', '', '', '', '', '', '', '', '', '', '', '', '', '', '', '', '', '', '', '', '', '', '', '', '', '', '', '', '', '', '', '', '', '', '', '', '', '', '', '', '', '', '', '', '', '', '', '', '', '', '', '', '', '', '', '', '', '', '', '', '', '', '', '', '', '', '', '', '', '', '', '', '', '', '', '', '', '', '', '', '', '', '', '', '', '', '', '', '', '', '', '', '', '', '', '', '', '', '', '', '', '', '', '', '', '', '', '', '', '', '', '', '', '', '', '', '', '', '', '', '', '', '', '', '', '', '', '', '', '', '', '', '', '', '', '', '', '', '', '', '', '', '', '', '', '', '', '', '', '', '', '', '', '', '', '', '', '', '', '', '', '', '', '', '', '', '', '', ''),
(9, 'rec_561e00dc85', '2025-12-24', '07:36:51', 1, 55, 2, 2, '1808205AT044424012', '18394459T124424006', 'CH880410LA24429014', '12345678', '1', '5/1/2024', '3:02:22', '-0.11', '-0.08', '-0.26', '-0.01', '-0.23', '-0.26', '0.59', '', '', '', '', '', '', '', '', '', '', '', '', '', '', '', '', '', '', '', '', '', '', '', '', '', '', '', '', '', '', '', '', '', '', '', '', '', '', '', '', '', '', '', '', '', '', '', '', '', '', '', '', '', '', '', '', '', '', '', '', '', '', '', '', '', '', '', '', '', '', '', '', '', '', '', '', '', '', '', '', '', '', '', '', '', '', '', '', '', '', '', '', '', '', '', '', '', '', '', '', '', '', '', '', '', '', '', '', '', '', '', '', '', '', '', '', '', '', '', '', '', '', '', '', '', '', '', '', '', '', '', '', '', '', '', '', '', '', '', '', '', '', '', '', '', '', '', '', '', '', '', '', '', '', '', '', '', '', '', '', '', '', '', '', '', '', '', '', '', '', '', '', '', '', '', ''),
(10, 'rec_56126e2443', '2025-12-24', '07:36:53', 1, 55, 2, 2, '1808205AT044424013', '18394459T124424006', 'CH880410LA24429014', '12345678', '1', '5/1/2024', '3:02:22', '-0.11', '-0.08', '-0.26', '-0.01', '-0.23', '-0.26', '0.59', '', '', '', '', '', '', '', '', '', '', '', '', '', '', '', '', '', '', '', '', '', '', '', '', '', '', '', '', '', '', '', '', '', '', '', '', '', '', '', '', '', '', '', '', '', '', '', '', '', '', '', '', '', '', '', '', '', '', '', '', '', '', '', '', '', '', '', '', '', '', '', '', '', '', '', '', '', '', '', '', '', '', '', '', '', '', '', '', '', '', '', '', '', '', '', '', '', '', '', '', '', '', '', '', '', '', '', '', '', '', '', '', '', '', '', '', '', '', '', '', '', '', '', '', '', '', '', '', '', '', '', '', '', '', '', '', '', '', '', '', '', '', '', '', '', '', '', '', '', '', '', '', '', '', '', '', '', '', '', '', '', '', '', '', '', '', '', '', '', '', '', '', '', '', '', ''),
(11, 'rec_5615fff1cf', '2025-12-24', '07:36:55', 1, 55, 2, 2, '1808205AT044424014', '18394459T124424007', 'CH880410LA24429015', '12345678', '1', '5/2/2024', '4:02:22', '-0.11', '-0.08', '-0.26', '-0.01', '-0.23', '-0.26', '0.59', '', '', '', '', '', '', '', '', '', '', '', '', '', '', '', '', '', '', '', '', '', '', '', '', '', '', '', '', '', '', '', '', '', '', '', '', '', '', '', '', '', '', '', '', '', '', '', '', '', '', '', '', '', '', '', '', '', '', '', '', '', '', '', '', '', '', '', '', '', '', '', '', '', '', '', '', '', '', '', '', '', '', '', '', '', '', '', '', '', '', '', '', '', '', '', '', '', '', '', '', '', '', '', '', '', '', '', '', '', '', '', '', '', '', '', '', '', '', '', '', '', '', '', '', '', '', '', '', '', '', '', '', '', '', '', '', '', '', '', '', '', '', '', '', '', '', '', '', '', '', '', '', '', '', '', '', '', '', '', '', '', '', '', '', '', '', '', '', '', '', '', '', '', '', '', ''),
(12, 'rec_5613434ff6', '2025-12-24', '07:36:57', 1, 55, 2, 2, '1808205AT044424015', '18394459T124424008', 'CH880410LA24429016', '12345678', '1', '5/3/2024', '5:02:22', '-0.11', '-0.08', '-0.26', '-0.01', '-0.23', '-0.26', '0.59', '', '', '', '', '', '', '', '', '', '', '', '', '', '', '', '', '', '', '', '', '', '', '', '', '', '', '', '', '', '', '', '', '', '', '', '', '', '', '', '', '', '', '', '', '', '', '', '', '', '', '', '', '', '', '', '', '', '', '', '', '', '', '', '', '', '', '', '', '', '', '', '', '', '', '', '', '', '', '', '', '', '', '', '', '', '', '', '', '', '', '', '', '', '', '', '', '', '', '', '', '', '', '', '', '', '', '', '', '', '', '', '', '', '', '', '', '', '', '', '', '', '', '', '', '', '', '', '', '', '', '', '', '', '', '', '', '', '', '', '', '', '', '', '', '', '', '', '', '', '', '', '', '', '', '', '', '', '', '', '', '', '', '', '', '', '', '', '', '', '', '', '', '', '', '', ''),
(13, 'rec_561e532bcb', '2025-12-24', '07:36:59', 1, 55, 2, 2, '1808205AT044424016', '18394459T124424009', 'CH880410LA24429017', '12345678', '1', '5/4/2024', '6:02:22', '-0.11', '-0.08', '-0.26', '-0.01', '-0.23', '-0.26', '0.59', '', '', '', '', '', '', '', '', '', '', '', '', '', '', '', '', '', '', '', '', '', '', '', '', '', '', '', '', '', '', '', '', '', '', '', '', '', '', '', '', '', '', '', '', '', '', '', '', '', '', '', '', '', '', '', '', '', '', '', '', '', '', '', '', '', '', '', '', '', '', '', '', '', '', '', '', '', '', '', '', '', '', '', '', '', '', '', '', '', '', '', '', '', '', '', '', '', '', '', '', '', '', '', '', '', '', '', '', '', '', '', '', '', '', '', '', '', '', '', '', '', '', '', '', '', '', '', '', '', '', '', '', '', '', '', '', '', '', '', '', '', '', '', '', '', '', '', '', '', '', '', '', '', '', '', '', '', '', '', '', '', '', '', '', '', '', '', '', '', '', '', '', '', '', '', ''),
(14, 'rec_561799f83e', '2025-12-24', '07:37:01', 1, 55, 2, 2, '1808205AT044424017', '18394459T124424010', 'CH880410LA24429018', '12345678', '1', '5/5/2024', '7:02:22', '-0.11', '-0.08', '-0.26', '-0.01', '-0.23', '-0.26', '0.59', '', '', '', '', '', '', '', '', '', '', '', '', '', '', '', '', '', '', '', '', '', '', '', '', '', '', '', '', '', '', '', '', '', '', '', '', '', '', '', '', '', '', '', '', '', '', '', '', '', '', '', '', '', '', '', '', '', '', '', '', '', '', '', '', '', '', '', '', '', '', '', '', '', '', '', '', '', '', '', '', '', '', '', '', '', '', '', '', '', '', '', '', '', '', '', '', '', '', '', '', '', '', '', '', '', '', '', '', '', '', '', '', '', '', '', '', '', '', '', '', '', '', '', '', '', '', '', '', '', '', '', '', '', '', '', '', '', '', '', '', '', '', '', '', '', '', '', '', '', '', '', '', '', '', '', '', '', '', '', '', '', '', '', '', '', '', '', '', '', '', '', '', '', '', '', ''),
(15, 'rec_5611cb7853', '2025-12-24', '07:37:04', 1, 55, 2, 2, '1808205AT044424018', '18394459T124424011', 'CH880410LA24429019', '12345678', '1', '5/6/2024', '8:02:22', '-0.11', '-0.08', '-0.26', '-0.01', '-0.23', '-0.26', '0.59', '', '', '', '', '', '', '', '', '', '', '', '', '', '', '', '', '', '', '', '', '', '', '', '', '', '', '', '', '', '', '', '', '', '', '', '', '', '', '', '', '', '', '', '', '', '', '', '', '', '', '', '', '', '', '', '', '', '', '', '', '', '', '', '', '', '', '', '', '', '', '', '', '', '', '', '', '', '', '', '', '', '', '', '', '', '', '', '', '', '', '', '', '', '', '', '', '', '', '', '', '', '', '', '', '', '', '', '', '', '', '', '', '', '', '', '', '', '', '', '', '', '', '', '', '', '', '', '', '', '', '', '', '', '', '', '', '', '', '', '', '', '', '', '', '', '', '', '', '', '', '', '', '', '', '', '', '', '', '', '', '', '', '', '', '', '', '', '', '', '', '', '', '', '', '', ''),
(16, 'rec_561d2fb029', '2025-12-24', '07:37:06', 1, 55, 2, 2, '1808205AT044424019', '18394459T124424012', 'CH880410LA24429020', '12345678', '1', '5/7/2024', '9:02:22', '-0.11', '-0.08', '-0.26', '-0.01', '-0.23', '-0.26', '0.59', '', '', '', '', '', '', '', '', '', '', '', '', '', '', '', '', '', '', '', '', '', '', '', '', '', '', '', '', '', '', '', '', '', '', '', '', '', '', '', '', '', '', '', '', '', '', '', '', '', '', '', '', '', '', '', '', '', '', '', '', '', '', '', '', '', '', '', '', '', '', '', '', '', '', '', '', '', '', '', '', '', '', '', '', '', '', '', '', '', '', '', '', '', '', '', '', '', '', '', '', '', '', '', '', '', '', '', '', '', '', '', '', '', '', '', '', '', '', '', '', '', '', '', '', '', '', '', '', '', '', '', '', '', '', '', '', '', '', '', '', '', '', '', '', '', '', '', '', '', '', '', '', '', '', '', '', '', '', '', '', '', '', '', '', '', '', '', '', '', '', '', '', '', '', '', ''),
(17, 'rec_5615b0e646', '2025-12-24', '07:37:08', 1, 55, 2, 2, '1808205AT044424020', '18394459T124424013', 'CH880410LA24429021', '12345678', '1', '5/8/2024', '10:02:22', '-0.11', '-0.08', '-0.26', '-0.01', '-0.23', '-0.26', '0.59', '', '', '', '', '', '', '', '', '', '', '', '', '', '', '', '', '', '', '', '', '', '', '', '', '', '', '', '', '', '', '', '', '', '', '', '', '', '', '', '', '', '', '', '', '', '', '', '', '', '', '', '', '', '', '', '', '', '', '', '', '', '', '', '', '', '', '', '', '', '', '', '', '', '', '', '', '', '', '', '', '', '', '', '', '', '', '', '', '', '', '', '', '', '', '', '', '', '', '', '', '', '', '', '', '', '', '', '', '', '', '', '', '', '', '', '', '', '', '', '', '', '', '', '', '', '', '', '', '', '', '', '', '', '', '', '', '', '', '', '', '', '', '', '', '', '', '', '', '', '', '', '', '', '', '', '', '', '', '', '', '', '', '', '', '', '', '', '', '', '', '', '', '', '', '', ''),
(18, 'rec_561c36e5a9', '2025-12-24', '07:37:10', 1, 55, 2, 2, '1808205AT044424021', '18394459T124424014', 'CH880410LA24429022', '12345678', '1', '5/9/2024', '11:02:22', '-0.11', '-0.08', '-0.26', '-0.01', '-0.23', '-0.26', '0.59', '', '', '', '', '', '', '', '', '', '', '', '', '', '', '', '', '', '', '', '', '', '', '', '', '', '', '', '', '', '', '', '', '', '', '', '', '', '', '', '', '', '', '', '', '', '', '', '', '', '', '', '', '', '', '', '', '', '', '', '', '', '', '', '', '', '', '', '', '', '', '', '', '', '', '', '', '', '', '', '', '', '', '', '', '', '', '', '', '', '', '', '', '', '', '', '', '', '', '', '', '', '', '', '', '', '', '', '', '', '', '', '', '', '', '', '', '', '', '', '', '', '', '', '', '', '', '', '', '', '', '', '', '', '', '', '', '', '', '', '', '', '', '', '', '', '', '', '', '', '', '', '', '', '', '', '', '', '', '', '', '', '', '', '', '', '', '', '', '', '', '', '', '', '', '', ''),
(19, 'rec_561e21995c', '2025-12-24', '07:37:12', 1, 55, 2, 2, '1808205AT044424022', '18394459T124424015', 'CH880410LA24429023', '12345678', '1', '5/10/2024', '12:02:22', '-0.11', '-0.08', '-0.26', '-0.01', '-0.23', '-0.26', '0.59', '', '', '', '', '', '', '', '', '', '', '', '', '', '', '', '', '', '', '', '', '', '', '', '', '', '', '', '', '', '', '', '', '', '', '', '', '', '', '', '', '', '', '', '', '', '', '', '', '', '', '', '', '', '', '', '', '', '', '', '', '', '', '', '', '', '', '', '', '', '', '', '', '', '', '', '', '', '', '', '', '', '', '', '', '', '', '', '', '', '', '', '', '', '', '', '', '', '', '', '', '', '', '', '', '', '', '', '', '', '', '', '', '', '', '', '', '', '', '', '', '', '', '', '', '', '', '', '', '', '', '', '', '', '', '', '', '', '', '', '', '', '', '', '', '', '', '', '', '', '', '', '', '', '', '', '', '', '', '', '', '', '', '', '', '', '', '', '', '', '', '', '', '', '', '', ''),
(20, 'rec_56108ed5ae', '2025-12-24', '07:37:14', 1, 55, 2, 2, '1808205AT044424023', '18394459T124424016', 'CH880410LA24429024', '12345678', '1', '5/11/2024', '13:02:22', '-0.11', '-0.08', '-0.26', '-0.01', '-0.23', '-0.26', '0.59', '', '', '', '', '', '', '', '', '', '', '', '', '', '', '', '', '', '', '', '', '', '', '', '', '', '', '', '', '', '', '', '', '', '', '', '', '', '', '', '', '', '', '', '', '', '', '', '', '', '', '', '', '', '', '', '', '', '', '', '', '', '', '', '', '', '', '', '', '', '', '', '', '', '', '', '', '', '', '', '', '', '', '', '', '', '', '', '', '', '', '', '', '', '', '', '', '', '', '', '', '', '', '', '', '', '', '', '', '', '', '', '', '', '', '', '', '', '', '', '', '', '', '', '', '', '', '', '', '', '', '', '', '', '', '', '', '', '', '', '', '', '', '', '', '', '', '', '', '', '', '', '', '', '', '', '', '', '', '', '', '', '', '', '', '', '', '', '', '', '', '', '', '', '', '', ''),
(21, 'rec_5616da0dab', '2025-12-24', '07:37:16', 1, 55, 2, 2, '1808205AT044424024', '18394459T124424017', 'CH880410LA24429025', '12345678', '1', '5/12/2024', '14:02:22', '-0.11', '-0.08', '-0.26', '-0.01', '-0.23', '-0.26', '0.59', '', '', '', '', '', '', '', '', '', '', '', '', '', '', '', '', '', '', '', '', '', '', '', '', '', '', '', '', '', '', '', '', '', '', '', '', '', '', '', '', '', '', '', '', '', '', '', '', '', '', '', '', '', '', '', '', '', '', '', '', '', '', '', '', '', '', '', '', '', '', '', '', '', '', '', '', '', '', '', '', '', '', '', '', '', '', '', '', '', '', '', '', '', '', '', '', '', '', '', '', '', '', '', '', '', '', '', '', '', '', '', '', '', '', '', '', '', '', '', '', '', '', '', '', '', '', '', '', '', '', '', '', '', '', '', '', '', '', '', '', '', '', '', '', '', '', '', '', '', '', '', '', '', '', '', '', '', '', '', '', '', '', '', '', '', '', '', '', '', '', '', '', '', '', '', ''),
(22, 'rec_5613b31bde', '2025-12-24', '07:37:18', 1, 55, 2, 2, '1808205AT044424025', '18394459T124424018', 'CH880410LA24429026', '12345678', '1', '5/13/2024', '15:02:22', '-0.11', '-0.08', '-0.26', '-0.01', '-0.23', '-0.26', '0.59', '', '', '', '', '', '', '', '', '', '', '', '', '', '', '', '', '', '', '', '', '', '', '', '', '', '', '', '', '', '', '', '', '', '', '', '', '', '', '', '', '', '', '', '', '', '', '', '', '', '', '', '', '', '', '', '', '', '', '', '', '', '', '', '', '', '', '', '', '', '', '', '', '', '', '', '', '', '', '', '', '', '', '', '', '', '', '', '', '', '', '', '', '', '', '', '', '', '', '', '', '', '', '', '', '', '', '', '', '', '', '', '', '', '', '', '', '', '', '', '', '', '', '', '', '', '', '', '', '', '', '', '', '', '', '', '', '', '', '', '', '', '', '', '', '', '', '', '', '', '', '', '', '', '', '', '', '', '', '', '', '', '', '', '', '', '', '', '', '', '', '', '', '', '', '', ''),
(23, 'rec_56148566d7', '2025-12-24', '07:37:20', 1, 55, 2, 2, '1808205AT044424026', '18394459T124424019', 'CH880410LA24429027', '12345678', '1', '5/14/2024', '16:02:22', '-0.11', '-0.08', '-0.26', '-0.01', '-0.23', '-0.26', '0.59', '', '', '', '', '', '', '', '', '', '', '', '', '', '', '', '', '', '', '', '', '', '', '', '', '', '', '', '', '', '', '', '', '', '', '', '', '', '', '', '', '', '', '', '', '', '', '', '', '', '', '', '', '', '', '', '', '', '', '', '', '', '', '', '', '', '', '', '', '', '', '', '', '', '', '', '', '', '', '', '', '', '', '', '', '', '', '', '', '', '', '', '', '', '', '', '', '', '', '', '', '', '', '', '', '', '', '', '', '', '', '', '', '', '', '', '', '', '', '', '', '', '', '', '', '', '', '', '', '', '', '', '', '', '', '', '', '', '', '', '', '', '', '', '', '', '', '', '', '', '', '', '', '', '', '', '', '', '', '', '', '', '', '', '', '', '', '', '', '', '', '', '', '', '', '', ''),
(24, 'rec_5612a5ccaf', '2025-12-24', '07:37:22', 1, 55, 2, 2, '1808205AT044424027', '18394459T124424020', 'CH880410LA24429028', '12345678', '1', '5/15/2024', '17:02:22', '-0.11', '-0.08', '-0.26', '-0.01', '-0.23', '-0.26', '0.59', '', '', '', '', '', '', '', '', '', '', '', '', '', '', '', '', '', '', '', '', '', '', '', '', '', '', '', '', '', '', '', '', '', '', '', '', '', '', '', '', '', '', '', '', '', '', '', '', '', '', '', '', '', '', '', '', '', '', '', '', '', '', '', '', '', '', '', '', '', '', '', '', '', '', '', '', '', '', '', '', '', '', '', '', '', '', '', '', '', '', '', '', '', '', '', '', '', '', '', '', '', '', '', '', '', '', '', '', '', '', '', '', '', '', '', '', '', '', '', '', '', '', '', '', '', '', '', '', '', '', '', '', '', '', '', '', '', '', '', '', '', '', '', '', '', '', '', '', '', '', '', '', '', '', '', '', '', '', '', '', '', '', '', '', '', '', '', '', '', '', '', '', '', '', '', ''),
(25, 'rec_561e76c627', '2025-12-24', '07:37:24', 1, 55, 2, 2, '1808205AT044424028', '18394459T124424021', 'CH880410LA24429029', '12345678', '1', '5/16/2024', '18:02:22', '-0.11', '-0.08', '-0.26', '-0.01', '-0.23', '-0.26', '0.59', '', '', '', '', '', '', '', '', '', '', '', '', '', '', '', '', '', '', '', '', '', '', '', '', '', '', '', '', '', '', '', '', '', '', '', '', '', '', '', '', '', '', '', '', '', '', '', '', '', '', '', '', '', '', '', '', '', '', '', '', '', '', '', '', '', '', '', '', '', '', '', '', '', '', '', '', '', '', '', '', '', '', '', '', '', '', '', '', '', '', '', '', '', '', '', '', '', '', '', '', '', '', '', '', '', '', '', '', '', '', '', '', '', '', '', '', '', '', '', '', '', '', '', '', '', '', '', '', '', '', '', '', '', '', '', '', '', '', '', '', '', '', '', '', '', '', '', '', '', '', '', '', '', '', '', '', '', '', '', '', '', '', '', '', '', '', '', '', '', '', '', '', '', '', '', ''),
(26, 'rec_5610488f09', '2025-12-24', '07:37:27', 1, 55, 2, 2, '1808205AT044424029', '18394459T124424022', 'CH880410LA24429030', '12345678', '1', '5/17/2024', '19:02:22', '-0.11', '-0.08', '-0.26', '-0.01', '-0.23', '-0.26', '0.59', '', '', '', '', '', '', '', '', '', '', '', '', '', '', '', '', '', '', '', '', '', '', '', '', '', '', '', '', '', '', '', '', '', '', '', '', '', '', '', '', '', '', '', '', '', '', '', '', '', '', '', '', '', '', '', '', '', '', '', '', '', '', '', '', '', '', '', '', '', '', '', '', '', '', '', '', '', '', '', '', '', '', '', '', '', '', '', '', '', '', '', '', '', '', '', '', '', '', '', '', '', '', '', '', '', '', '', '', '', '', '', '', '', '', '', '', '', '', '', '', '', '', '', '', '', '', '', '', '', '', '', '', '', '', '', '', '', '', '', '', '', '', '', '', '', '', '', '', '', '', '', '', '', '', '', '', '', '', '', '', '', '', '', '', '', '', '', '', '', '', '', '', '', '', '', ''),
(27, 'rec_561934a945', '2025-12-24', '07:37:29', 1, 55, 2, 2, '1808205AT044424030', '18394459T124424023', 'CH880410LA24429031', '12345678', '1', '5/18/2024', '20:02:22', '-0.11', '-0.08', '-0.26', '-0.01', '-0.23', '-0.26', '0.59', '', '', '', '', '', '', '', '', '', '', '', '', '', '', '', '', '', '', '', '', '', '', '', '', '', '', '', '', '', '', '', '', '', '', '', '', '', '', '', '', '', '', '', '', '', '', '', '', '', '', '', '', '', '', '', '', '', '', '', '', '', '', '', '', '', '', '', '', '', '', '', '', '', '', '', '', '', '', '', '', '', '', '', '', '', '', '', '', '', '', '', '', '', '', '', '', '', '', '', '', '', '', '', '', '', '', '', '', '', '', '', '', '', '', '', '', '', '', '', '', '', '', '', '', '', '', '', '', '', '', '', '', '', '', '', '', '', '', '', '', '', '', '', '', '', '', '', '', '', '', '', '', '', '', '', '', '', '', '', '', '', '', '', '', '', '', '', '', '', '', '', '', '', '', '', ''),
(28, 'rec_5612bacfe1', '2025-12-24', '07:37:31', 1, 55, 7, 7, '1808205AT044424006', '18394459T124424006', 'CH880410LA24429014', '12345678', '1', '2024/05/01', '02:55:12', '1.31', '1.78', '0.16', '1.18', '-0.073', '-0.042', NULL, NULL, NULL, NULL, NULL, NULL, NULL, NULL, NULL, NULL, NULL, NULL, NULL, NULL, NULL, NULL, NULL, NULL, NULL, NULL, NULL, NULL, NULL, NULL, NULL, NULL, NULL, NULL, NULL, NULL, NULL, NULL, NULL, NULL, NULL, NULL, NULL, NULL, NULL, NULL, NULL, NULL, NULL, NULL, NULL, NULL, NULL, NULL, NULL, NULL, NULL, NULL, NULL, NULL, NULL, NULL, NULL, NULL, NULL, NULL, NULL, NULL, NULL, NULL, NULL, NULL, NULL, NULL, NULL, NULL, NULL, NULL, NULL, NULL, NULL, NULL, NULL, NULL, NULL, NULL, NULL, NULL, NULL, NULL, NULL, NULL, NULL, NULL, NULL, NULL, NULL, NULL, NULL, NULL, NULL, NULL, NULL, NULL, NULL, NULL, NULL, NULL, NULL, NULL, NULL, NULL, NULL, NULL, NULL, NULL, NULL, NULL, NULL, NULL, NULL, NULL, NULL, NULL, NULL, NULL, NULL, NULL, NULL, NULL, NULL, NULL, NULL, NULL, NULL, NULL, NULL, NULL, NULL, NULL, NULL, NULL, NULL, NULL, NULL, NULL, NULL, NULL, NULL, NULL, NULL, NULL, NULL, NULL, NULL, NULL, NULL, NULL, NULL, NULL, NULL, NULL, NULL, NULL, NULL, NULL, NULL, NULL, NULL, NULL, NULL, NULL, NULL, NULL, NULL, NULL, NULL, NULL, NULL, NULL, NULL, NULL, NULL),
(29, 'rec_561202e793', '2025-12-24', '07:37:33', 1, 55, 7, 7, '1808205AT044424008', '18394459T124424008', 'CH880410LA14429001', '12345678', '1', '2024/05/01', '03:48:22', '1.48', '1.78', '-0.01', '1.40', '-0.049', '0.000', NULL, NULL, NULL, NULL, NULL, NULL, NULL, NULL, NULL, NULL, NULL, NULL, NULL, NULL, NULL, NULL, NULL, NULL, NULL, NULL, NULL, NULL, NULL, NULL, NULL, NULL, NULL, NULL, NULL, NULL, NULL, NULL, NULL, NULL, NULL, NULL, NULL, NULL, NULL, NULL, NULL, NULL, NULL, NULL, NULL, NULL, NULL, NULL, NULL, NULL, NULL, NULL, NULL, NULL, NULL, NULL, NULL, NULL, NULL, NULL, NULL, NULL, NULL, NULL, NULL, NULL, NULL, NULL, NULL, NULL, NULL, NULL, NULL, NULL, NULL, NULL, NULL, NULL, NULL, NULL, NULL, NULL, NULL, NULL, NULL, NULL, NULL, NULL, NULL, NULL, NULL, NULL, NULL, NULL, NULL, NULL, NULL, NULL, NULL, NULL, NULL, NULL, NULL, NULL, NULL, NULL, NULL, NULL, NULL, NULL, NULL, NULL, NULL, NULL, NULL, NULL, NULL, NULL, NULL, NULL, NULL, NULL, NULL, NULL, NULL, NULL, NULL, NULL, NULL, NULL, NULL, NULL, NULL, NULL, NULL, NULL, NULL, NULL, NULL, NULL, NULL, NULL, NULL, NULL, NULL, NULL, NULL, NULL, NULL, NULL, NULL, NULL, NULL, NULL, NULL, NULL, NULL, NULL, NULL, NULL, NULL, NULL, NULL, NULL, NULL, NULL, NULL, NULL, NULL, NULL, NULL, NULL, NULL, NULL, NULL, NULL, NULL),
(30, 'rec_5613420607', '2025-12-24', '07:42:16', 1, 54, 1, 1, '147028', '', '18520', '', '1', '7/23/2025', '8:47:20', '0', '599', '10.1108', '9.7512', '11.1547', '4.0168', '3.9458', '4.1264', '0.0203', '0.0618', '-0.0854', '0.3324', '0.326', '0.467', '0.455', '0.4484', '0.7755', '0.0753', '0.1187', '0.4338', '0.2147', '0.2043', '0.4122', '', '', '', '', '', '', '', '', '', '', '', '', '', NULL, NULL, NULL, NULL, NULL, NULL, NULL, NULL, NULL, NULL, NULL, NULL, NULL, NULL, NULL, NULL, NULL, NULL, NULL, NULL, NULL, NULL, NULL, NULL, NULL, NULL, NULL, NULL, NULL, NULL, NULL, NULL, NULL, NULL, NULL, NULL, NULL, NULL, NULL, NULL, NULL, NULL, NULL, NULL, NULL, NULL, NULL, NULL, NULL, NULL, NULL, NULL, NULL, NULL, NULL, NULL, NULL, NULL, NULL, NULL, NULL, NULL, NULL, NULL, NULL, NULL, NULL, NULL, NULL, NULL, NULL, NULL, NULL, NULL, NULL, NULL, NULL, NULL, NULL, NULL, NULL, NULL, NULL, NULL, NULL, NULL, NULL, NULL, NULL, NULL, NULL, NULL, NULL, NULL, NULL, NULL, NULL, NULL, NULL, NULL, NULL, NULL, NULL, NULL, NULL, NULL, NULL, NULL, NULL, NULL, NULL, NULL, NULL, NULL, NULL, NULL, NULL, NULL, NULL, NULL, NULL, NULL, NULL, NULL, NULL, NULL, NULL, NULL, NULL, NULL, NULL, NULL, NULL, NULL, NULL, NULL, NULL, NULL, NULL, NULL, NULL, NULL, NULL, NULL, NULL, NULL, NULL),
(31, 'rec_561187cb8c', '2025-12-24', '07:42:18', 1, 54, 1, 1, '22123', '', '17239', '', '1', '7/23/2025', '14:57:35', '0', '11', '11.3347', '10.6014', '12.7527', '4.4135', '4.2915', '4.6772', '0.4314', '0.3025', '0.2491', '0.9916', '0.8818', '0.905', '1.4264', '1.1868', '1.4917', '1.0603', '0.8701', '1.2316', '0.2852', '0.5225', '0.5909', '', '', '', '', '', '', '', '', '', '', '', '', '', NULL, NULL, NULL, NULL, NULL, NULL, NULL, NULL, NULL, NULL, NULL, NULL, NULL, NULL, NULL, NULL, NULL, NULL, NULL, NULL, NULL, NULL, NULL, NULL, NULL, NULL, NULL, NULL, NULL, NULL, NULL, NULL, NULL, NULL, NULL, NULL, NULL, NULL, NULL, NULL, NULL, NULL, NULL, NULL, NULL, NULL, NULL, NULL, NULL, NULL, NULL, NULL, NULL, NULL, NULL, NULL, NULL, NULL, NULL, NULL, NULL, NULL, NULL, NULL, NULL, NULL, NULL, NULL, NULL, NULL, NULL, NULL, NULL, NULL, NULL, NULL, NULL, NULL, NULL, NULL, NULL, NULL, NULL, NULL, NULL, NULL, NULL, NULL, NULL, NULL, NULL, NULL, NULL, NULL, NULL, NULL, NULL, NULL, NULL, NULL, NULL, NULL, NULL, NULL, NULL, NULL, NULL, NULL, NULL, NULL, NULL, NULL, NULL, NULL, NULL, NULL, NULL, NULL, NULL, NULL, NULL, NULL, NULL, NULL, NULL, NULL, NULL, NULL, NULL, NULL, NULL, NULL, NULL, NULL, NULL, NULL, NULL, NULL, NULL, NULL, NULL, NULL, NULL, NULL, NULL, NULL, NULL);

-- --------------------------------------------------------

--
-- Table structure for table `tbl_data2`
--

CREATE TABLE `tbl_data2` (
  `data_id` bigint UNSIGNED NOT NULL,
  `record_no` varchar(50) NOT NULL,
  `date` date NOT NULL DEFAULT (curdate()),
  `time` time NOT NULL DEFAULT (curtime()),
  `line_id` int NOT NULL,
  `application_id` int NOT NULL,
  `file_id` int NOT NULL,
  `header_id` int NOT NULL,
  `data_191` varchar(70) DEFAULT NULL,
  `data_192` varchar(70) DEFAULT NULL,
  `data_193` varchar(70) DEFAULT NULL,
  `data_194` varchar(70) DEFAULT NULL,
  `data_195` varchar(70) DEFAULT NULL,
  `data_196` varchar(70) DEFAULT NULL,
  `data_197` varchar(70) DEFAULT NULL,
  `data_198` varchar(70) DEFAULT NULL,
  `data_199` varchar(70) DEFAULT NULL,
  `data_200` varchar(70) DEFAULT NULL,
  `data_201` varchar(70) DEFAULT NULL,
  `data_202` varchar(70) DEFAULT NULL,
  `data_203` varchar(70) DEFAULT NULL,
  `data_204` varchar(70) DEFAULT NULL,
  `data_205` varchar(70) DEFAULT NULL,
  `data_206` varchar(70) DEFAULT NULL,
  `data_207` varchar(70) DEFAULT NULL,
  `data_208` varchar(70) DEFAULT NULL,
  `data_209` varchar(70) DEFAULT NULL,
  `data_210` varchar(70) DEFAULT NULL,
  `data_211` varchar(70) DEFAULT NULL,
  `data_212` varchar(70) DEFAULT NULL,
  `data_213` varchar(70) DEFAULT NULL,
  `data_214` varchar(70) DEFAULT NULL,
  `data_215` varchar(70) DEFAULT NULL,
  `data_216` varchar(70) DEFAULT NULL,
  `data_217` varchar(70) DEFAULT NULL,
  `data_218` varchar(70) DEFAULT NULL,
  `data_219` varchar(70) DEFAULT NULL,
  `data_220` varchar(70) DEFAULT NULL,
  `data_221` varchar(70) DEFAULT NULL,
  `data_222` varchar(70) DEFAULT NULL,
  `data_223` varchar(70) DEFAULT NULL,
  `data_224` varchar(70) DEFAULT NULL,
  `data_225` varchar(70) DEFAULT NULL,
  `data_226` varchar(70) DEFAULT NULL,
  `data_227` varchar(70) DEFAULT NULL,
  `data_228` varchar(70) DEFAULT NULL,
  `data_229` varchar(70) DEFAULT NULL,
  `data_230` varchar(70) DEFAULT NULL,
  `data_231` varchar(70) DEFAULT NULL,
  `data_232` varchar(70) DEFAULT NULL,
  `data_233` varchar(70) DEFAULT NULL,
  `data_234` varchar(70) DEFAULT NULL,
  `data_235` varchar(70) DEFAULT NULL,
  `data_236` varchar(70) DEFAULT NULL,
  `data_237` varchar(70) DEFAULT NULL,
  `data_238` varchar(70) DEFAULT NULL,
  `data_239` varchar(70) DEFAULT NULL,
  `data_240` varchar(70) DEFAULT NULL,
  `data_241` varchar(70) DEFAULT NULL,
  `data_242` varchar(70) DEFAULT NULL,
  `data_243` varchar(70) DEFAULT NULL,
  `data_244` varchar(70) DEFAULT NULL,
  `data_245` varchar(70) DEFAULT NULL,
  `data_246` varchar(70) DEFAULT NULL,
  `data_247` varchar(70) DEFAULT NULL,
  `data_248` varchar(70) DEFAULT NULL,
  `data_249` varchar(70) DEFAULT NULL,
  `data_250` varchar(70) DEFAULT NULL,
  `data_251` varchar(70) DEFAULT NULL,
  `data_252` varchar(70) DEFAULT NULL,
  `data_253` varchar(70) DEFAULT NULL,
  `data_254` varchar(70) DEFAULT NULL,
  `data_255` varchar(70) DEFAULT NULL,
  `data_256` varchar(70) DEFAULT NULL,
  `data_257` varchar(70) DEFAULT NULL,
  `data_258` varchar(70) DEFAULT NULL,
  `data_259` varchar(70) DEFAULT NULL,
  `data_260` varchar(70) DEFAULT NULL,
  `data_261` varchar(70) DEFAULT NULL,
  `data_262` varchar(70) DEFAULT NULL,
  `data_263` varchar(70) DEFAULT NULL,
  `data_264` varchar(70) DEFAULT NULL,
  `data_265` varchar(70) DEFAULT NULL,
  `data_266` varchar(70) DEFAULT NULL,
  `data_267` varchar(70) DEFAULT NULL,
  `data_268` varchar(70) DEFAULT NULL,
  `data_269` varchar(70) DEFAULT NULL,
  `data_270` varchar(70) DEFAULT NULL,
  `data_271` varchar(70) DEFAULT NULL,
  `data_272` varchar(70) DEFAULT NULL,
  `data_273` varchar(70) DEFAULT NULL,
  `data_274` varchar(70) DEFAULT NULL,
  `data_275` varchar(70) DEFAULT NULL,
  `data_276` varchar(70) DEFAULT NULL,
  `data_277` varchar(70) DEFAULT NULL,
  `data_278` varchar(70) DEFAULT NULL,
  `data_279` varchar(70) DEFAULT NULL,
  `data_280` varchar(70) DEFAULT NULL,
  `data_281` varchar(70) DEFAULT NULL,
  `data_282` varchar(70) DEFAULT NULL,
  `data_283` varchar(70) DEFAULT NULL,
  `data_284` varchar(70) DEFAULT NULL,
  `data_285` varchar(70) DEFAULT NULL,
  `data_286` varchar(70) DEFAULT NULL,
  `data_287` varchar(70) DEFAULT NULL,
  `data_288` varchar(70) DEFAULT NULL,
  `data_289` varchar(70) DEFAULT NULL,
  `data_290` varchar(70) DEFAULT NULL,
  `data_291` varchar(70) DEFAULT NULL,
  `data_292` varchar(70) DEFAULT NULL,
  `data_293` varchar(70) DEFAULT NULL,
  `data_294` varchar(70) DEFAULT NULL,
  `data_295` varchar(70) DEFAULT NULL,
  `data_296` varchar(70) DEFAULT NULL,
  `data_297` varchar(70) DEFAULT NULL,
  `data_298` varchar(70) DEFAULT NULL,
  `data_299` varchar(70) DEFAULT NULL,
  `data_300` varchar(70) DEFAULT NULL,
  `data_301` varchar(70) DEFAULT NULL,
  `data_302` varchar(70) DEFAULT NULL,
  `data_303` varchar(70) DEFAULT NULL,
  `data_304` varchar(70) DEFAULT NULL,
  `data_305` varchar(70) DEFAULT NULL,
  `data_306` varchar(70) DEFAULT NULL,
  `data_307` varchar(70) DEFAULT NULL,
  `data_308` varchar(70) DEFAULT NULL,
  `data_309` varchar(70) DEFAULT NULL,
  `data_310` varchar(70) DEFAULT NULL,
  `data_311` varchar(70) DEFAULT NULL,
  `data_312` varchar(70) DEFAULT NULL,
  `data_313` varchar(70) DEFAULT NULL,
  `data_314` varchar(70) DEFAULT NULL,
  `data_315` varchar(70) DEFAULT NULL,
  `data_316` varchar(70) DEFAULT NULL,
  `data_317` varchar(70) DEFAULT NULL,
  `data_318` varchar(70) DEFAULT NULL,
  `data_319` varchar(70) DEFAULT NULL,
  `data_320` varchar(70) DEFAULT NULL,
  `data_321` varchar(70) DEFAULT NULL,
  `data_322` varchar(70) DEFAULT NULL,
  `data_323` varchar(70) DEFAULT NULL,
  `data_324` varchar(70) DEFAULT NULL,
  `data_325` varchar(70) DEFAULT NULL,
  `data_326` varchar(70) DEFAULT NULL,
  `data_327` varchar(70) DEFAULT NULL,
  `data_328` varchar(70) DEFAULT NULL,
  `data_329` varchar(70) DEFAULT NULL,
  `data_330` varchar(70) DEFAULT NULL,
  `data_331` varchar(70) DEFAULT NULL,
  `data_332` varchar(70) DEFAULT NULL,
  `data_333` varchar(70) DEFAULT NULL,
  `data_334` varchar(70) DEFAULT NULL,
  `data_335` varchar(70) DEFAULT NULL,
  `data_336` varchar(70) DEFAULT NULL,
  `data_337` varchar(70) DEFAULT NULL,
  `data_338` varchar(70) DEFAULT NULL,
  `data_339` varchar(70) DEFAULT NULL,
  `data_340` varchar(70) DEFAULT NULL,
  `data_341` varchar(70) DEFAULT NULL,
  `data_342` varchar(70) DEFAULT NULL,
  `data_343` varchar(70) DEFAULT NULL,
  `data_344` varchar(70) DEFAULT NULL,
  `data_345` varchar(70) DEFAULT NULL,
  `data_346` varchar(70) DEFAULT NULL,
  `data_347` varchar(70) DEFAULT NULL,
  `data_348` varchar(70) DEFAULT NULL,
  `data_349` varchar(70) DEFAULT NULL,
  `data_350` varchar(70) DEFAULT NULL,
  `data_351` varchar(70) DEFAULT NULL,
  `data_352` varchar(70) DEFAULT NULL,
  `data_353` varchar(70) DEFAULT NULL,
  `data_354` varchar(70) DEFAULT NULL,
  `data_355` varchar(70) DEFAULT NULL,
  `data_356` varchar(70) DEFAULT NULL,
  `data_357` varchar(70) DEFAULT NULL,
  `data_358` varchar(70) DEFAULT NULL,
  `data_359` varchar(70) DEFAULT NULL,
  `data_360` varchar(70) DEFAULT NULL,
  `data_361` varchar(70) DEFAULT NULL,
  `data_362` varchar(70) DEFAULT NULL,
  `data_363` varchar(70) DEFAULT NULL,
  `data_364` varchar(70) DEFAULT NULL,
  `data_365` varchar(70) DEFAULT NULL,
  `data_366` varchar(70) DEFAULT NULL,
  `data_367` varchar(70) DEFAULT NULL,
  `data_368` varchar(70) DEFAULT NULL,
  `data_369` varchar(70) DEFAULT NULL,
  `data_370` varchar(70) DEFAULT NULL,
  `data_371` varchar(70) DEFAULT NULL,
  `data_372` varchar(70) DEFAULT NULL,
  `data_373` varchar(70) DEFAULT NULL,
  `data_374` varchar(70) DEFAULT NULL,
  `data_375` varchar(70) DEFAULT NULL,
  `data_376` varchar(70) DEFAULT NULL,
  `data_377` varchar(70) DEFAULT NULL,
  `data_378` varchar(70) DEFAULT NULL,
  `data_379` varchar(70) DEFAULT NULL,
  `data_380` varchar(70) DEFAULT NULL
) ENGINE=InnoDB DEFAULT CHARSET=utf8mb4 COLLATE=utf8mb4_0900_ai_ci;

--
-- Dumping data for table `tbl_data2`
--

INSERT INTO `tbl_data2` (`data_id`, `record_no`, `date`, `time`, `line_id`, `application_id`, `file_id`, `header_id`, `data_191`, `data_192`, `data_193`, `data_194`, `data_195`, `data_196`, `data_197`, `data_198`, `data_199`, `data_200`, `data_201`, `data_202`, `data_203`, `data_204`, `data_205`, `data_206`, `data_207`, `data_208`, `data_209`, `data_210`, `data_211`, `data_212`, `data_213`, `data_214`, `data_215`, `data_216`, `data_217`, `data_218`, `data_219`, `data_220`, `data_221`, `data_222`, `data_223`, `data_224`, `data_225`, `data_226`, `data_227`, `data_228`, `data_229`, `data_230`, `data_231`, `data_232`, `data_233`, `data_234`, `data_235`, `data_236`, `data_237`, `data_238`, `data_239`, `data_240`, `data_241`, `data_242`, `data_243`, `data_244`, `data_245`, `data_246`, `data_247`, `data_248`, `data_249`, `data_250`, `data_251`, `data_252`, `data_253`, `data_254`, `data_255`, `data_256`, `data_257`, `data_258`, `data_259`, `data_260`, `data_261`, `data_262`, `data_263`, `data_264`, `data_265`, `data_266`, `data_267`, `data_268`, `data_269`, `data_270`, `data_271`, `data_272`, `data_273`, `data_274`, `data_275`, `data_276`, `data_277`, `data_278`, `data_279`, `data_280`, `data_281`, `data_282`, `data_283`, `data_284`, `data_285`, `data_286`, `data_287`, `data_288`, `data_289`, `data_290`, `data_291`, `data_292`, `data_293`, `data_294`, `data_295`, `data_296`, `data_297`, `data_298`, `data_299`, `data_300`, `data_301`, `data_302`, `data_303`, `data_304`, `data_305`, `data_306`, `data_307`, `data_308`, `data_309`, `data_310`, `data_311`, `data_312`, `data_313`, `data_314`, `data_315`, `data_316`, `data_317`, `data_318`, `data_319`, `data_320`, `data_321`, `data_322`, `data_323`, `data_324`, `data_325`, `data_326`, `data_327`, `data_328`, `data_329`, `data_330`, `data_331`, `data_332`, `data_333`, `data_334`, `data_335`, `data_336`, `data_337`, `data_338`, `data_339`, `data_340`, `data_341`, `data_342`, `data_343`, `data_344`, `data_345`, `data_346`, `data_347`, `data_348`, `data_349`, `data_350`, `data_351`, `data_352`, `data_353`, `data_354`, `data_355`, `data_356`, `data_357`, `data_358`, `data_359`, `data_360`, `data_361`, `data_362`, `data_363`, `data_364`, `data_365`, `data_366`, `data_367`, `data_368`, `data_369`, `data_370`, `data_371`, `data_372`, `data_373`, `data_374`, `data_375`, `data_376`, `data_377`, `data_378`, `data_379`, `data_380`) VALUES
(1, 'rec_561c7a7440', '2025-12-24', '07:36:37', 1, 55, 6, 6, NULL, NULL, NULL, NULL, NULL, NULL, NULL, NULL, NULL, NULL, NULL, NULL, NULL, NULL, NULL, NULL, NULL, NULL, NULL, NULL, NULL, NULL, NULL, NULL, NULL, NULL, NULL, NULL, NULL, NULL, NULL, NULL, NULL, NULL, NULL, NULL, NULL, NULL, NULL, NULL, NULL, NULL, NULL, NULL, NULL, NULL, NULL, NULL, NULL, NULL, NULL, NULL, NULL, NULL, NULL, NULL, NULL, NULL, NULL, NULL, NULL, NULL, NULL, NULL, NULL, NULL, NULL, NULL, NULL, NULL, NULL, NULL, NULL, NULL, NULL, NULL, NULL, NULL, NULL, NULL, NULL, NULL, NULL, NULL, NULL, NULL, NULL, NULL, NULL, NULL, NULL, NULL, NULL, NULL, NULL, NULL, NULL, NULL, NULL, NULL, NULL, NULL, NULL, NULL, NULL, NULL, NULL, NULL, NULL, NULL, NULL, NULL, NULL, NULL, NULL, NULL, NULL, NULL, NULL, NULL, NULL, NULL, NULL, NULL, NULL, NULL, NULL, NULL, NULL, NULL, NULL, NULL, NULL, NULL, NULL, NULL, NULL, NULL, NULL, NULL, NULL, NULL, NULL, NULL, NULL, NULL, NULL, NULL, NULL, NULL, NULL, NULL, NULL, NULL, NULL, NULL, NULL, NULL, NULL, NULL, NULL, NULL, NULL, NULL, NULL, NULL, NULL, NULL, NULL, NULL, NULL, NULL, NULL, NULL, NULL, NULL, NULL, NULL, NULL, NULL, NULL, NULL, NULL, NULL, NULL, NULL, NULL, NULL, NULL, NULL),
(2, 'rec_561fc98bca', '2025-12-24', '07:36:38', 1, 55, 6, 6, NULL, NULL, NULL, NULL, NULL, NULL, NULL, NULL, NULL, NULL, NULL, NULL, NULL, NULL, NULL, NULL, NULL, NULL, NULL, NULL, NULL, NULL, NULL, NULL, NULL, NULL, NULL, NULL, NULL, NULL, NULL, NULL, NULL, NULL, NULL, NULL, NULL, NULL, NULL, NULL, NULL, NULL, NULL, NULL, NULL, NULL, NULL, NULL, NULL, NULL, NULL, NULL, NULL, NULL, NULL, NULL, NULL, NULL, NULL, NULL, NULL, NULL, NULL, NULL, NULL, NULL, NULL, NULL, NULL, NULL, NULL, NULL, NULL, NULL, NULL, NULL, NULL, NULL, NULL, NULL, NULL, NULL, NULL, NULL, NULL, NULL, NULL, NULL, NULL, NULL, NULL, NULL, NULL, NULL, NULL, NULL, NULL, NULL, NULL, NULL, NULL, NULL, NULL, NULL, NULL, NULL, NULL, NULL, NULL, NULL, NULL, NULL, NULL, NULL, NULL, NULL, NULL, NULL, NULL, NULL, NULL, NULL, NULL, NULL, NULL, NULL, NULL, NULL, NULL, NULL, NULL, NULL, NULL, NULL, NULL, NULL, NULL, NULL, NULL, NULL, NULL, NULL, NULL, NULL, NULL, NULL, NULL, NULL, NULL, NULL, NULL, NULL, NULL, NULL, NULL, NULL, NULL, NULL, NULL, NULL, NULL, NULL, NULL, NULL, NULL, NULL, NULL, NULL, NULL, NULL, NULL, NULL, NULL, NULL, NULL, NULL, NULL, NULL, NULL, NULL, NULL, NULL, NULL, NULL, NULL, NULL, NULL, NULL, NULL, NULL),
(3, 'rec_5617825e1e', '2025-12-24', '07:36:38', 1, 55, 2, 2, '', '', '', '', '', '', '', '', '', '', '', '', '', '', '', '', '', '', '', '', '', NULL, NULL, NULL, NULL, NULL, NULL, NULL, NULL, NULL, NULL, NULL, NULL, NULL, NULL, NULL, NULL, NULL, NULL, NULL, NULL, NULL, NULL, NULL, NULL, NULL, NULL, NULL, NULL, NULL, NULL, NULL, NULL, NULL, NULL, NULL, NULL, NULL, NULL, NULL, NULL, NULL, NULL, NULL, NULL, NULL, NULL, NULL, NULL, NULL, NULL, NULL, NULL, NULL, NULL, NULL, NULL, NULL, NULL, NULL, NULL, NULL, NULL, NULL, NULL, NULL, NULL, NULL, NULL, NULL, NULL, NULL, NULL, NULL, NULL, NULL, NULL, NULL, NULL, NULL, NULL, NULL, NULL, NULL, NULL, NULL, NULL, NULL, NULL, NULL, NULL, NULL, NULL, NULL, NULL, NULL, NULL, NULL, NULL, NULL, NULL, NULL, NULL, NULL, NULL, NULL, NULL, NULL, NULL, NULL, NULL, NULL, NULL, NULL, NULL, NULL, NULL, NULL, NULL, NULL, NULL, NULL, NULL, NULL, NULL, NULL, NULL, NULL, NULL, NULL, NULL, NULL, NULL, NULL, NULL, NULL, NULL, NULL, NULL, NULL, NULL, NULL, NULL, NULL, NULL, NULL, NULL, NULL, NULL, NULL, NULL, NULL, NULL, NULL, NULL, NULL, NULL, NULL, NULL, NULL, NULL, NULL, NULL, NULL, NULL, NULL, NULL, NULL, NULL, NULL),
(4, 'rec_561f8d0f96', '2025-12-24', '07:36:41', 1, 55, 2, 2, '', '', '', '', '', '', '', '', '', '', '', '', '', '', '', '', '', '', '', '', '', NULL, NULL, NULL, NULL, NULL, NULL, NULL, NULL, NULL, NULL, NULL, NULL, NULL, NULL, NULL, NULL, NULL, NULL, NULL, NULL, NULL, NULL, NULL, NULL, NULL, NULL, NULL, NULL, NULL, NULL, NULL, NULL, NULL, NULL, NULL, NULL, NULL, NULL, NULL, NULL, NULL, NULL, NULL, NULL, NULL, NULL, NULL, NULL, NULL, NULL, NULL, NULL, NULL, NULL, NULL, NULL, NULL, NULL, NULL, NULL, NULL, NULL, NULL, NULL, NULL, NULL, NULL, NULL, NULL, NULL, NULL, NULL, NULL, NULL, NULL, NULL, NULL, NULL, NULL, NULL, NULL, NULL, NULL, NULL, NULL, NULL, NULL, NULL, NULL, NULL, NULL, NULL, NULL, NULL, NULL, NULL, NULL, NULL, NULL, NULL, NULL, NULL, NULL, NULL, NULL, NULL, NULL, NULL, NULL, NULL, NULL, NULL, NULL, NULL, NULL, NULL, NULL, NULL, NULL, NULL, NULL, NULL, NULL, NULL, NULL, NULL, NULL, NULL, NULL, NULL, NULL, NULL, NULL, NULL, NULL, NULL, NULL, NULL, NULL, NULL, NULL, NULL, NULL, NULL, NULL, NULL, NULL, NULL, NULL, NULL, NULL, NULL, NULL, NULL, NULL, NULL, NULL, NULL, NULL, NULL, NULL, NULL, NULL, NULL, NULL, NULL, NULL, NULL, NULL),
(5, 'rec_561a4e8d8e', '2025-12-24', '07:36:43', 1, 55, 2, 2, '', '', '', '', '', '', '', '', '', '', '', '', '', '', '', '', '', '', '', '', '', NULL, NULL, NULL, NULL, NULL, NULL, NULL, NULL, NULL, NULL, NULL, NULL, NULL, NULL, NULL, NULL, NULL, NULL, NULL, NULL, NULL, NULL, NULL, NULL, NULL, NULL, NULL, NULL, NULL, NULL, NULL, NULL, NULL, NULL, NULL, NULL, NULL, NULL, NULL, NULL, NULL, NULL, NULL, NULL, NULL, NULL, NULL, NULL, NULL, NULL, NULL, NULL, NULL, NULL, NULL, NULL, NULL, NULL, NULL, NULL, NULL, NULL, NULL, NULL, NULL, NULL, NULL, NULL, NULL, NULL, NULL, NULL, NULL, NULL, NULL, NULL, NULL, NULL, NULL, NULL, NULL, NULL, NULL, NULL, NULL, NULL, NULL, NULL, NULL, NULL, NULL, NULL, NULL, NULL, NULL, NULL, NULL, NULL, NULL, NULL, NULL, NULL, NULL, NULL, NULL, NULL, NULL, NULL, NULL, NULL, NULL, NULL, NULL, NULL, NULL, NULL, NULL, NULL, NULL, NULL, NULL, NULL, NULL, NULL, NULL, NULL, NULL, NULL, NULL, NULL, NULL, NULL, NULL, NULL, NULL, NULL, NULL, NULL, NULL, NULL, NULL, NULL, NULL, NULL, NULL, NULL, NULL, NULL, NULL, NULL, NULL, NULL, NULL, NULL, NULL, NULL, NULL, NULL, NULL, NULL, NULL, NULL, NULL, NULL, NULL, NULL, NULL, NULL, NULL),
(6, 'rec_5613128813', '2025-12-24', '07:36:45', 1, 55, 2, 2, '', '', '', '', '', '', '', '', '', '', '', '', '', '', '', '', '', '', '', '', '', NULL, NULL, NULL, NULL, NULL, NULL, NULL, NULL, NULL, NULL, NULL, NULL, NULL, NULL, NULL, NULL, NULL, NULL, NULL, NULL, NULL, NULL, NULL, NULL, NULL, NULL, NULL, NULL, NULL, NULL, NULL, NULL, NULL, NULL, NULL, NULL, NULL, NULL, NULL, NULL, NULL, NULL, NULL, NULL, NULL, NULL, NULL, NULL, NULL, NULL, NULL, NULL, NULL, NULL, NULL, NULL, NULL, NULL, NULL, NULL, NULL, NULL, NULL, NULL, NULL, NULL, NULL, NULL, NULL, NULL, NULL, NULL, NULL, NULL, NULL, NULL, NULL, NULL, NULL, NULL, NULL, NULL, NULL, NULL, NULL, NULL, NULL, NULL, NULL, NULL, NULL, NULL, NULL, NULL, NULL, NULL, NULL, NULL, NULL, NULL, NULL, NULL, NULL, NULL, NULL, NULL, NULL, NULL, NULL, NULL, NULL, NULL, NULL, NULL, NULL, NULL, NULL, NULL, NULL, NULL, NULL, NULL, NULL, NULL, NULL, NULL, NULL, NULL, NULL, NULL, NULL, NULL, NULL, NULL, NULL, NULL, NULL, NULL, NULL, NULL, NULL, NULL, NULL, NULL, NULL, NULL, NULL, NULL, NULL, NULL, NULL, NULL, NULL, NULL, NULL, NULL, NULL, NULL, NULL, NULL, NULL, NULL, NULL, NULL, NULL, NULL, NULL, NULL, NULL),
(7, 'rec_561834dc01', '2025-12-24', '07:36:47', 1, 55, 2, 2, '', '', '', '', '', '', '', '', '', '', '', '', '', '', '', '', '', '', '', '', '', NULL, NULL, NULL, NULL, NULL, NULL, NULL, NULL, NULL, NULL, NULL, NULL, NULL, NULL, NULL, NULL, NULL, NULL, NULL, NULL, NULL, NULL, NULL, NULL, NULL, NULL, NULL, NULL, NULL, NULL, NULL, NULL, NULL, NULL, NULL, NULL, NULL, NULL, NULL, NULL, NULL, NULL, NULL, NULL, NULL, NULL, NULL, NULL, NULL, NULL, NULL, NULL, NULL, NULL, NULL, NULL, NULL, NULL, NULL, NULL, NULL, NULL, NULL, NULL, NULL, NULL, NULL, NULL, NULL, NULL, NULL, NULL, NULL, NULL, NULL, NULL, NULL, NULL, NULL, NULL, NULL, NULL, NULL, NULL, NULL, NULL, NULL, NULL, NULL, NULL, NULL, NULL, NULL, NULL, NULL, NULL, NULL, NULL, NULL, NULL, NULL, NULL, NULL, NULL, NULL, NULL, NULL, NULL, NULL, NULL, NULL, NULL, NULL, NULL, NULL, NULL, NULL, NULL, NULL, NULL, NULL, NULL, NULL, NULL, NULL, NULL, NULL, NULL, NULL, NULL, NULL, NULL, NULL, NULL, NULL, NULL, NULL, NULL, NULL, NULL, NULL, NULL, NULL, NULL, NULL, NULL, NULL, NULL, NULL, NULL, NULL, NULL, NULL, NULL, NULL, NULL, NULL, NULL, NULL, NULL, NULL, NULL, NULL, NULL, NULL, NULL, NULL, NULL, NULL),
(8, 'rec_561ed7445b', '2025-12-24', '07:36:49', 1, 55, 2, 2, '', '', '', '', '', '', '', '', '', '', '', '', '', '', '', '', '', '', '', '', '', NULL, NULL, NULL, NULL, NULL, NULL, NULL, NULL, NULL, NULL, NULL, NULL, NULL, NULL, NULL, NULL, NULL, NULL, NULL, NULL, NULL, NULL, NULL, NULL, NULL, NULL, NULL, NULL, NULL, NULL, NULL, NULL, NULL, NULL, NULL, NULL, NULL, NULL, NULL, NULL, NULL, NULL, NULL, NULL, NULL, NULL, NULL, NULL, NULL, NULL, NULL, NULL, NULL, NULL, NULL, NULL, NULL, NULL, NULL, NULL, NULL, NULL, NULL, NULL, NULL, NULL, NULL, NULL, NULL, NULL, NULL, NULL, NULL, NULL, NULL, NULL, NULL, NULL, NULL, NULL, NULL, NULL, NULL, NULL, NULL, NULL, NULL, NULL, NULL, NULL, NULL, NULL, NULL, NULL, NULL, NULL, NULL, NULL, NULL, NULL, NULL, NULL, NULL, NULL, NULL, NULL, NULL, NULL, NULL, NULL, NULL, NULL, NULL, NULL, NULL, NULL, NULL, NULL, NULL, NULL, NULL, NULL, NULL, NULL, NULL, NULL, NULL, NULL, NULL, NULL, NULL, NULL, NULL, NULL, NULL, NULL, NULL, NULL, NULL, NULL, NULL, NULL, NULL, NULL, NULL, NULL, NULL, NULL, NULL, NULL, NULL, NULL, NULL, NULL, NULL, NULL, NULL, NULL, NULL, NULL, NULL, NULL, NULL, NULL, NULL, NULL, NULL, NULL, NULL),
(9, 'rec_561e00dc85', '2025-12-24', '07:36:51', 1, 55, 2, 2, '', '', '', '', '', '', '', '', '', '', '', '', '', '', '', '', '', '', '', '', '', NULL, NULL, NULL, NULL, NULL, NULL, NULL, NULL, NULL, NULL, NULL, NULL, NULL, NULL, NULL, NULL, NULL, NULL, NULL, NULL, NULL, NULL, NULL, NULL, NULL, NULL, NULL, NULL, NULL, NULL, NULL, NULL, NULL, NULL, NULL, NULL, NULL, NULL, NULL, NULL, NULL, NULL, NULL, NULL, NULL, NULL, NULL, NULL, NULL, NULL, NULL, NULL, NULL, NULL, NULL, NULL, NULL, NULL, NULL, NULL, NULL, NULL, NULL, NULL, NULL, NULL, NULL, NULL, NULL, NULL, NULL, NULL, NULL, NULL, NULL, NULL, NULL, NULL, NULL, NULL, NULL, NULL, NULL, NULL, NULL, NULL, NULL, NULL, NULL, NULL, NULL, NULL, NULL, NULL, NULL, NULL, NULL, NULL, NULL, NULL, NULL, NULL, NULL, NULL, NULL, NULL, NULL, NULL, NULL, NULL, NULL, NULL, NULL, NULL, NULL, NULL, NULL, NULL, NULL, NULL, NULL, NULL, NULL, NULL, NULL, NULL, NULL, NULL, NULL, NULL, NULL, NULL, NULL, NULL, NULL, NULL, NULL, NULL, NULL, NULL, NULL, NULL, NULL, NULL, NULL, NULL, NULL, NULL, NULL, NULL, NULL, NULL, NULL, NULL, NULL, NULL, NULL, NULL, NULL, NULL, NULL, NULL, NULL, NULL, NULL, NULL, NULL, NULL, NULL),
(10, 'rec_56126e2443', '2025-12-24', '07:36:53', 1, 55, 2, 2, '', '', '', '', '', '', '', '', '', '', '', '', '', '', '', '', '', '', '', '', '', NULL, NULL, NULL, NULL, NULL, NULL, NULL, NULL, NULL, NULL, NULL, NULL, NULL, NULL, NULL, NULL, NULL, NULL, NULL, NULL, NULL, NULL, NULL, NULL, NULL, NULL, NULL, NULL, NULL, NULL, NULL, NULL, NULL, NULL, NULL, NULL, NULL, NULL, NULL, NULL, NULL, NULL, NULL, NULL, NULL, NULL, NULL, NULL, NULL, NULL, NULL, NULL, NULL, NULL, NULL, NULL, NULL, NULL, NULL, NULL, NULL, NULL, NULL, NULL, NULL, NULL, NULL, NULL, NULL, NULL, NULL, NULL, NULL, NULL, NULL, NULL, NULL, NULL, NULL, NULL, NULL, NULL, NULL, NULL, NULL, NULL, NULL, NULL, NULL, NULL, NULL, NULL, NULL, NULL, NULL, NULL, NULL, NULL, NULL, NULL, NULL, NULL, NULL, NULL, NULL, NULL, NULL, NULL, NULL, NULL, NULL, NULL, NULL, NULL, NULL, NULL, NULL, NULL, NULL, NULL, NULL, NULL, NULL, NULL, NULL, NULL, NULL, NULL, NULL, NULL, NULL, NULL, NULL, NULL, NULL, NULL, NULL, NULL, NULL, NULL, NULL, NULL, NULL, NULL, NULL, NULL, NULL, NULL, NULL, NULL, NULL, NULL, NULL, NULL, NULL, NULL, NULL, NULL, NULL, NULL, NULL, NULL, NULL, NULL, NULL, NULL, NULL, NULL, NULL),
(11, 'rec_5615fff1cf', '2025-12-24', '07:36:55', 1, 55, 2, 2, '', '', '', '', '', '', '', '', '', '', '', '', '', '', '', '', '', '', '', '', '', NULL, NULL, NULL, NULL, NULL, NULL, NULL, NULL, NULL, NULL, NULL, NULL, NULL, NULL, NULL, NULL, NULL, NULL, NULL, NULL, NULL, NULL, NULL, NULL, NULL, NULL, NULL, NULL, NULL, NULL, NULL, NULL, NULL, NULL, NULL, NULL, NULL, NULL, NULL, NULL, NULL, NULL, NULL, NULL, NULL, NULL, NULL, NULL, NULL, NULL, NULL, NULL, NULL, NULL, NULL, NULL, NULL, NULL, NULL, NULL, NULL, NULL, NULL, NULL, NULL, NULL, NULL, NULL, NULL, NULL, NULL, NULL, NULL, NULL, NULL, NULL, NULL, NULL, NULL, NULL, NULL, NULL, NULL, NULL, NULL, NULL, NULL, NULL, NULL, NULL, NULL, NULL, NULL, NULL, NULL, NULL, NULL, NULL, NULL, NULL, NULL, NULL, NULL, NULL, NULL, NULL, NULL, NULL, NULL, NULL, NULL, NULL, NULL, NULL, NULL, NULL, NULL, NULL, NULL, NULL, NULL, NULL, NULL, NULL, NULL, NULL, NULL, NULL, NULL, NULL, NULL, NULL, NULL, NULL, NULL, NULL, NULL, NULL, NULL, NULL, NULL, NULL, NULL, NULL, NULL, NULL, NULL, NULL, NULL, NULL, NULL, NULL, NULL, NULL, NULL, NULL, NULL, NULL, NULL, NULL, NULL, NULL, NULL, NULL, NULL, NULL, NULL, NULL, NULL),
(12, 'rec_5613434ff6', '2025-12-24', '07:36:57', 1, 55, 2, 2, '', '', '', '', '', '', '', '', '', '', '', '', '', '', '', '', '', '', '', '', '', NULL, NULL, NULL, NULL, NULL, NULL, NULL, NULL, NULL, NULL, NULL, NULL, NULL, NULL, NULL, NULL, NULL, NULL, NULL, NULL, NULL, NULL, NULL, NULL, NULL, NULL, NULL, NULL, NULL, NULL, NULL, NULL, NULL, NULL, NULL, NULL, NULL, NULL, NULL, NULL, NULL, NULL, NULL, NULL, NULL, NULL, NULL, NULL, NULL, NULL, NULL, NULL, NULL, NULL, NULL, NULL, NULL, NULL, NULL, NULL, NULL, NULL, NULL, NULL, NULL, NULL, NULL, NULL, NULL, NULL, NULL, NULL, NULL, NULL, NULL, NULL, NULL, NULL, NULL, NULL, NULL, NULL, NULL, NULL, NULL, NULL, NULL, NULL, NULL, NULL, NULL, NULL, NULL, NULL, NULL, NULL, NULL, NULL, NULL, NULL, NULL, NULL, NULL, NULL, NULL, NULL, NULL, NULL, NULL, NULL, NULL, NULL, NULL, NULL, NULL, NULL, NULL, NULL, NULL, NULL, NULL, NULL, NULL, NULL, NULL, NULL, NULL, NULL, NULL, NULL, NULL, NULL, NULL, NULL, NULL, NULL, NULL, NULL, NULL, NULL, NULL, NULL, NULL, NULL, NULL, NULL, NULL, NULL, NULL, NULL, NULL, NULL, NULL, NULL, NULL, NULL, NULL, NULL, NULL, NULL, NULL, NULL, NULL, NULL, NULL, NULL, NULL, NULL, NULL),
(13, 'rec_561e532bcb', '2025-12-24', '07:36:59', 1, 55, 2, 2, '', '', '', '', '', '', '', '', '', '', '', '', '', '', '', '', '', '', '', '', '', NULL, NULL, NULL, NULL, NULL, NULL, NULL, NULL, NULL, NULL, NULL, NULL, NULL, NULL, NULL, NULL, NULL, NULL, NULL, NULL, NULL, NULL, NULL, NULL, NULL, NULL, NULL, NULL, NULL, NULL, NULL, NULL, NULL, NULL, NULL, NULL, NULL, NULL, NULL, NULL, NULL, NULL, NULL, NULL, NULL, NULL, NULL, NULL, NULL, NULL, NULL, NULL, NULL, NULL, NULL, NULL, NULL, NULL, NULL, NULL, NULL, NULL, NULL, NULL, NULL, NULL, NULL, NULL, NULL, NULL, NULL, NULL, NULL, NULL, NULL, NULL, NULL, NULL, NULL, NULL, NULL, NULL, NULL, NULL, NULL, NULL, NULL, NULL, NULL, NULL, NULL, NULL, NULL, NULL, NULL, NULL, NULL, NULL, NULL, NULL, NULL, NULL, NULL, NULL, NULL, NULL, NULL, NULL, NULL, NULL, NULL, NULL, NULL, NULL, NULL, NULL, NULL, NULL, NULL, NULL, NULL, NULL, NULL, NULL, NULL, NULL, NULL, NULL, NULL, NULL, NULL, NULL, NULL, NULL, NULL, NULL, NULL, NULL, NULL, NULL, NULL, NULL, NULL, NULL, NULL, NULL, NULL, NULL, NULL, NULL, NULL, NULL, NULL, NULL, NULL, NULL, NULL, NULL, NULL, NULL, NULL, NULL, NULL, NULL, NULL, NULL, NULL, NULL, NULL),
(14, 'rec_561799f83e', '2025-12-24', '07:37:01', 1, 55, 2, 2, '', '', '', '', '', '', '', '', '', '', '', '', '', '', '', '', '', '', '', '', '', NULL, NULL, NULL, NULL, NULL, NULL, NULL, NULL, NULL, NULL, NULL, NULL, NULL, NULL, NULL, NULL, NULL, NULL, NULL, NULL, NULL, NULL, NULL, NULL, NULL, NULL, NULL, NULL, NULL, NULL, NULL, NULL, NULL, NULL, NULL, NULL, NULL, NULL, NULL, NULL, NULL, NULL, NULL, NULL, NULL, NULL, NULL, NULL, NULL, NULL, NULL, NULL, NULL, NULL, NULL, NULL, NULL, NULL, NULL, NULL, NULL, NULL, NULL, NULL, NULL, NULL, NULL, NULL, NULL, NULL, NULL, NULL, NULL, NULL, NULL, NULL, NULL, NULL, NULL, NULL, NULL, NULL, NULL, NULL, NULL, NULL, NULL, NULL, NULL, NULL, NULL, NULL, NULL, NULL, NULL, NULL, NULL, NULL, NULL, NULL, NULL, NULL, NULL, NULL, NULL, NULL, NULL, NULL, NULL, NULL, NULL, NULL, NULL, NULL, NULL, NULL, NULL, NULL, NULL, NULL, NULL, NULL, NULL, NULL, NULL, NULL, NULL, NULL, NULL, NULL, NULL, NULL, NULL, NULL, NULL, NULL, NULL, NULL, NULL, NULL, NULL, NULL, NULL, NULL, NULL, NULL, NULL, NULL, NULL, NULL, NULL, NULL, NULL, NULL, NULL, NULL, NULL, NULL, NULL, NULL, NULL, NULL, NULL, NULL, NULL, NULL, NULL, NULL, NULL),
(15, 'rec_5611cb7853', '2025-12-24', '07:37:04', 1, 55, 2, 2, '', '', '', '', '', '', '', '', '', '', '', '', '', '', '', '', '', '', '', '', '', NULL, NULL, NULL, NULL, NULL, NULL, NULL, NULL, NULL, NULL, NULL, NULL, NULL, NULL, NULL, NULL, NULL, NULL, NULL, NULL, NULL, NULL, NULL, NULL, NULL, NULL, NULL, NULL, NULL, NULL, NULL, NULL, NULL, NULL, NULL, NULL, NULL, NULL, NULL, NULL, NULL, NULL, NULL, NULL, NULL, NULL, NULL, NULL, NULL, NULL, NULL, NULL, NULL, NULL, NULL, NULL, NULL, NULL, NULL, NULL, NULL, NULL, NULL, NULL, NULL, NULL, NULL, NULL, NULL, NULL, NULL, NULL, NULL, NULL, NULL, NULL, NULL, NULL, NULL, NULL, NULL, NULL, NULL, NULL, NULL, NULL, NULL, NULL, NULL, NULL, NULL, NULL, NULL, NULL, NULL, NULL, NULL, NULL, NULL, NULL, NULL, NULL, NULL, NULL, NULL, NULL, NULL, NULL, NULL, NULL, NULL, NULL, NULL, NULL, NULL, NULL, NULL, NULL, NULL, NULL, NULL, NULL, NULL, NULL, NULL, NULL, NULL, NULL, NULL, NULL, NULL, NULL, NULL, NULL, NULL, NULL, NULL, NULL, NULL, NULL, NULL, NULL, NULL, NULL, NULL, NULL, NULL, NULL, NULL, NULL, NULL, NULL, NULL, NULL, NULL, NULL, NULL, NULL, NULL, NULL, NULL, NULL, NULL, NULL, NULL, NULL, NULL, NULL, NULL),
(16, 'rec_561d2fb029', '2025-12-24', '07:37:06', 1, 55, 2, 2, '', '', '', '', '', '', '', '', '', '', '', '', '', '', '', '', '', '', '', '', '', NULL, NULL, NULL, NULL, NULL, NULL, NULL, NULL, NULL, NULL, NULL, NULL, NULL, NULL, NULL, NULL, NULL, NULL, NULL, NULL, NULL, NULL, NULL, NULL, NULL, NULL, NULL, NULL, NULL, NULL, NULL, NULL, NULL, NULL, NULL, NULL, NULL, NULL, NULL, NULL, NULL, NULL, NULL, NULL, NULL, NULL, NULL, NULL, NULL, NULL, NULL, NULL, NULL, NULL, NULL, NULL, NULL, NULL, NULL, NULL, NULL, NULL, NULL, NULL, NULL, NULL, NULL, NULL, NULL, NULL, NULL, NULL, NULL, NULL, NULL, NULL, NULL, NULL, NULL, NULL, NULL, NULL, NULL, NULL, NULL, NULL, NULL, NULL, NULL, NULL, NULL, NULL, NULL, NULL, NULL, NULL, NULL, NULL, NULL, NULL, NULL, NULL, NULL, NULL, NULL, NULL, NULL, NULL, NULL, NULL, NULL, NULL, NULL, NULL, NULL, NULL, NULL, NULL, NULL, NULL, NULL, NULL, NULL, NULL, NULL, NULL, NULL, NULL, NULL, NULL, NULL, NULL, NULL, NULL, NULL, NULL, NULL, NULL, NULL, NULL, NULL, NULL, NULL, NULL, NULL, NULL, NULL, NULL, NULL, NULL, NULL, NULL, NULL, NULL, NULL, NULL, NULL, NULL, NULL, NULL, NULL, NULL, NULL, NULL, NULL, NULL, NULL, NULL, NULL),
(17, 'rec_5615b0e646', '2025-12-24', '07:37:08', 1, 55, 2, 2, '', '', '', '', '', '', '', '', '', '', '', '', '', '', '', '', '', '', '', '', '', NULL, NULL, NULL, NULL, NULL, NULL, NULL, NULL, NULL, NULL, NULL, NULL, NULL, NULL, NULL, NULL, NULL, NULL, NULL, NULL, NULL, NULL, NULL, NULL, NULL, NULL, NULL, NULL, NULL, NULL, NULL, NULL, NULL, NULL, NULL, NULL, NULL, NULL, NULL, NULL, NULL, NULL, NULL, NULL, NULL, NULL, NULL, NULL, NULL, NULL, NULL, NULL, NULL, NULL, NULL, NULL, NULL, NULL, NULL, NULL, NULL, NULL, NULL, NULL, NULL, NULL, NULL, NULL, NULL, NULL, NULL, NULL, NULL, NULL, NULL, NULL, NULL, NULL, NULL, NULL, NULL, NULL, NULL, NULL, NULL, NULL, NULL, NULL, NULL, NULL, NULL, NULL, NULL, NULL, NULL, NULL, NULL, NULL, NULL, NULL, NULL, NULL, NULL, NULL, NULL, NULL, NULL, NULL, NULL, NULL, NULL, NULL, NULL, NULL, NULL, NULL, NULL, NULL, NULL, NULL, NULL, NULL, NULL, NULL, NULL, NULL, NULL, NULL, NULL, NULL, NULL, NULL, NULL, NULL, NULL, NULL, NULL, NULL, NULL, NULL, NULL, NULL, NULL, NULL, NULL, NULL, NULL, NULL, NULL, NULL, NULL, NULL, NULL, NULL, NULL, NULL, NULL, NULL, NULL, NULL, NULL, NULL, NULL, NULL, NULL, NULL, NULL, NULL, NULL),
(18, 'rec_561c36e5a9', '2025-12-24', '07:37:10', 1, 55, 2, 2, '', '', '', '', '', '', '', '', '', '', '', '', '', '', '', '', '', '', '', '', '', NULL, NULL, NULL, NULL, NULL, NULL, NULL, NULL, NULL, NULL, NULL, NULL, NULL, NULL, NULL, NULL, NULL, NULL, NULL, NULL, NULL, NULL, NULL, NULL, NULL, NULL, NULL, NULL, NULL, NULL, NULL, NULL, NULL, NULL, NULL, NULL, NULL, NULL, NULL, NULL, NULL, NULL, NULL, NULL, NULL, NULL, NULL, NULL, NULL, NULL, NULL, NULL, NULL, NULL, NULL, NULL, NULL, NULL, NULL, NULL, NULL, NULL, NULL, NULL, NULL, NULL, NULL, NULL, NULL, NULL, NULL, NULL, NULL, NULL, NULL, NULL, NULL, NULL, NULL, NULL, NULL, NULL, NULL, NULL, NULL, NULL, NULL, NULL, NULL, NULL, NULL, NULL, NULL, NULL, NULL, NULL, NULL, NULL, NULL, NULL, NULL, NULL, NULL, NULL, NULL, NULL, NULL, NULL, NULL, NULL, NULL, NULL, NULL, NULL, NULL, NULL, NULL, NULL, NULL, NULL, NULL, NULL, NULL, NULL, NULL, NULL, NULL, NULL, NULL, NULL, NULL, NULL, NULL, NULL, NULL, NULL, NULL, NULL, NULL, NULL, NULL, NULL, NULL, NULL, NULL, NULL, NULL, NULL, NULL, NULL, NULL, NULL, NULL, NULL, NULL, NULL, NULL, NULL, NULL, NULL, NULL, NULL, NULL, NULL, NULL, NULL, NULL, NULL, NULL),
(19, 'rec_561e21995c', '2025-12-24', '07:37:12', 1, 55, 2, 2, '', '', '', '', '', '', '', '', '', '', '', '', '', '', '', '', '', '', '', '', '', NULL, NULL, NULL, NULL, NULL, NULL, NULL, NULL, NULL, NULL, NULL, NULL, NULL, NULL, NULL, NULL, NULL, NULL, NULL, NULL, NULL, NULL, NULL, NULL, NULL, NULL, NULL, NULL, NULL, NULL, NULL, NULL, NULL, NULL, NULL, NULL, NULL, NULL, NULL, NULL, NULL, NULL, NULL, NULL, NULL, NULL, NULL, NULL, NULL, NULL, NULL, NULL, NULL, NULL, NULL, NULL, NULL, NULL, NULL, NULL, NULL, NULL, NULL, NULL, NULL, NULL, NULL, NULL, NULL, NULL, NULL, NULL, NULL, NULL, NULL, NULL, NULL, NULL, NULL, NULL, NULL, NULL, NULL, NULL, NULL, NULL, NULL, NULL, NULL, NULL, NULL, NULL, NULL, NULL, NULL, NULL, NULL, NULL, NULL, NULL, NULL, NULL, NULL, NULL, NULL, NULL, NULL, NULL, NULL, NULL, NULL, NULL, NULL, NULL, NULL, NULL, NULL, NULL, NULL, NULL, NULL, NULL, NULL, NULL, NULL, NULL, NULL, NULL, NULL, NULL, NULL, NULL, NULL, NULL, NULL, NULL, NULL, NULL, NULL, NULL, NULL, NULL, NULL, NULL, NULL, NULL, NULL, NULL, NULL, NULL, NULL, NULL, NULL, NULL, NULL, NULL, NULL, NULL, NULL, NULL, NULL, NULL, NULL, NULL, NULL, NULL, NULL, NULL, NULL),
(20, 'rec_56108ed5ae', '2025-12-24', '07:37:14', 1, 55, 2, 2, '', '', '', '', '', '', '', '', '', '', '', '', '', '', '', '', '', '', '', '', '', NULL, NULL, NULL, NULL, NULL, NULL, NULL, NULL, NULL, NULL, NULL, NULL, NULL, NULL, NULL, NULL, NULL, NULL, NULL, NULL, NULL, NULL, NULL, NULL, NULL, NULL, NULL, NULL, NULL, NULL, NULL, NULL, NULL, NULL, NULL, NULL, NULL, NULL, NULL, NULL, NULL, NULL, NULL, NULL, NULL, NULL, NULL, NULL, NULL, NULL, NULL, NULL, NULL, NULL, NULL, NULL, NULL, NULL, NULL, NULL, NULL, NULL, NULL, NULL, NULL, NULL, NULL, NULL, NULL, NULL, NULL, NULL, NULL, NULL, NULL, NULL, NULL, NULL, NULL, NULL, NULL, NULL, NULL, NULL, NULL, NULL, NULL, NULL, NULL, NULL, NULL, NULL, NULL, NULL, NULL, NULL, NULL, NULL, NULL, NULL, NULL, NULL, NULL, NULL, NULL, NULL, NULL, NULL, NULL, NULL, NULL, NULL, NULL, NULL, NULL, NULL, NULL, NULL, NULL, NULL, NULL, NULL, NULL, NULL, NULL, NULL, NULL, NULL, NULL, NULL, NULL, NULL, NULL, NULL, NULL, NULL, NULL, NULL, NULL, NULL, NULL, NULL, NULL, NULL, NULL, NULL, NULL, NULL, NULL, NULL, NULL, NULL, NULL, NULL, NULL, NULL, NULL, NULL, NULL, NULL, NULL, NULL, NULL, NULL, NULL, NULL, NULL, NULL, NULL),
(21, 'rec_5616da0dab', '2025-12-24', '07:37:16', 1, 55, 2, 2, '', '', '', '', '', '', '', '', '', '', '', '', '', '', '', '', '', '', '', '', '', NULL, NULL, NULL, NULL, NULL, NULL, NULL, NULL, NULL, NULL, NULL, NULL, NULL, NULL, NULL, NULL, NULL, NULL, NULL, NULL, NULL, NULL, NULL, NULL, NULL, NULL, NULL, NULL, NULL, NULL, NULL, NULL, NULL, NULL, NULL, NULL, NULL, NULL, NULL, NULL, NULL, NULL, NULL, NULL, NULL, NULL, NULL, NULL, NULL, NULL, NULL, NULL, NULL, NULL, NULL, NULL, NULL, NULL, NULL, NULL, NULL, NULL, NULL, NULL, NULL, NULL, NULL, NULL, NULL, NULL, NULL, NULL, NULL, NULL, NULL, NULL, NULL, NULL, NULL, NULL, NULL, NULL, NULL, NULL, NULL, NULL, NULL, NULL, NULL, NULL, NULL, NULL, NULL, NULL, NULL, NULL, NULL, NULL, NULL, NULL, NULL, NULL, NULL, NULL, NULL, NULL, NULL, NULL, NULL, NULL, NULL, NULL, NULL, NULL, NULL, NULL, NULL, NULL, NULL, NULL, NULL, NULL, NULL, NULL, NULL, NULL, NULL, NULL, NULL, NULL, NULL, NULL, NULL, NULL, NULL, NULL, NULL, NULL, NULL, NULL, NULL, NULL, NULL, NULL, NULL, NULL, NULL, NULL, NULL, NULL, NULL, NULL, NULL, NULL, NULL, NULL, NULL, NULL, NULL, NULL, NULL, NULL, NULL, NULL, NULL, NULL, NULL, NULL, NULL),
(22, 'rec_5613b31bde', '2025-12-24', '07:37:18', 1, 55, 2, 2, '', '', '', '', '', '', '', '', '', '', '', '', '', '', '', '', '', '', '', '', '', NULL, NULL, NULL, NULL, NULL, NULL, NULL, NULL, NULL, NULL, NULL, NULL, NULL, NULL, NULL, NULL, NULL, NULL, NULL, NULL, NULL, NULL, NULL, NULL, NULL, NULL, NULL, NULL, NULL, NULL, NULL, NULL, NULL, NULL, NULL, NULL, NULL, NULL, NULL, NULL, NULL, NULL, NULL, NULL, NULL, NULL, NULL, NULL, NULL, NULL, NULL, NULL, NULL, NULL, NULL, NULL, NULL, NULL, NULL, NULL, NULL, NULL, NULL, NULL, NULL, NULL, NULL, NULL, NULL, NULL, NULL, NULL, NULL, NULL, NULL, NULL, NULL, NULL, NULL, NULL, NULL, NULL, NULL, NULL, NULL, NULL, NULL, NULL, NULL, NULL, NULL, NULL, NULL, NULL, NULL, NULL, NULL, NULL, NULL, NULL, NULL, NULL, NULL, NULL, NULL, NULL, NULL, NULL, NULL, NULL, NULL, NULL, NULL, NULL, NULL, NULL, NULL, NULL, NULL, NULL, NULL, NULL, NULL, NULL, NULL, NULL, NULL, NULL, NULL, NULL, NULL, NULL, NULL, NULL, NULL, NULL, NULL, NULL, NULL, NULL, NULL, NULL, NULL, NULL, NULL, NULL, NULL, NULL, NULL, NULL, NULL, NULL, NULL, NULL, NULL, NULL, NULL, NULL, NULL, NULL, NULL, NULL, NULL, NULL, NULL, NULL, NULL, NULL, NULL),
(23, 'rec_56148566d7', '2025-12-24', '07:37:20', 1, 55, 2, 2, '', '', '', '', '', '', '', '', '', '', '', '', '', '', '', '', '', '', '', '', '', NULL, NULL, NULL, NULL, NULL, NULL, NULL, NULL, NULL, NULL, NULL, NULL, NULL, NULL, NULL, NULL, NULL, NULL, NULL, NULL, NULL, NULL, NULL, NULL, NULL, NULL, NULL, NULL, NULL, NULL, NULL, NULL, NULL, NULL, NULL, NULL, NULL, NULL, NULL, NULL, NULL, NULL, NULL, NULL, NULL, NULL, NULL, NULL, NULL, NULL, NULL, NULL, NULL, NULL, NULL, NULL, NULL, NULL, NULL, NULL, NULL, NULL, NULL, NULL, NULL, NULL, NULL, NULL, NULL, NULL, NULL, NULL, NULL, NULL, NULL, NULL, NULL, NULL, NULL, NULL, NULL, NULL, NULL, NULL, NULL, NULL, NULL, NULL, NULL, NULL, NULL, NULL, NULL, NULL, NULL, NULL, NULL, NULL, NULL, NULL, NULL, NULL, NULL, NULL, NULL, NULL, NULL, NULL, NULL, NULL, NULL, NULL, NULL, NULL, NULL, NULL, NULL, NULL, NULL, NULL, NULL, NULL, NULL, NULL, NULL, NULL, NULL, NULL, NULL, NULL, NULL, NULL, NULL, NULL, NULL, NULL, NULL, NULL, NULL, NULL, NULL, NULL, NULL, NULL, NULL, NULL, NULL, NULL, NULL, NULL, NULL, NULL, NULL, NULL, NULL, NULL, NULL, NULL, NULL, NULL, NULL, NULL, NULL, NULL, NULL, NULL, NULL, NULL, NULL),
(24, 'rec_5612a5ccaf', '2025-12-24', '07:37:22', 1, 55, 2, 2, '', '', '', '', '', '', '', '', '', '', '', '', '', '', '', '', '', '', '', '', '', NULL, NULL, NULL, NULL, NULL, NULL, NULL, NULL, NULL, NULL, NULL, NULL, NULL, NULL, NULL, NULL, NULL, NULL, NULL, NULL, NULL, NULL, NULL, NULL, NULL, NULL, NULL, NULL, NULL, NULL, NULL, NULL, NULL, NULL, NULL, NULL, NULL, NULL, NULL, NULL, NULL, NULL, NULL, NULL, NULL, NULL, NULL, NULL, NULL, NULL, NULL, NULL, NULL, NULL, NULL, NULL, NULL, NULL, NULL, NULL, NULL, NULL, NULL, NULL, NULL, NULL, NULL, NULL, NULL, NULL, NULL, NULL, NULL, NULL, NULL, NULL, NULL, NULL, NULL, NULL, NULL, NULL, NULL, NULL, NULL, NULL, NULL, NULL, NULL, NULL, NULL, NULL, NULL, NULL, NULL, NULL, NULL, NULL, NULL, NULL, NULL, NULL, NULL, NULL, NULL, NULL, NULL, NULL, NULL, NULL, NULL, NULL, NULL, NULL, NULL, NULL, NULL, NULL, NULL, NULL, NULL, NULL, NULL, NULL, NULL, NULL, NULL, NULL, NULL, NULL, NULL, NULL, NULL, NULL, NULL, NULL, NULL, NULL, NULL, NULL, NULL, NULL, NULL, NULL, NULL, NULL, NULL, NULL, NULL, NULL, NULL, NULL, NULL, NULL, NULL, NULL, NULL, NULL, NULL, NULL, NULL, NULL, NULL, NULL, NULL, NULL, NULL, NULL, NULL),
(25, 'rec_561e76c627', '2025-12-24', '07:37:24', 1, 55, 2, 2, '', '', '', '', '', '', '', '', '', '', '', '', '', '', '', '', '', '', '', '', '', NULL, NULL, NULL, NULL, NULL, NULL, NULL, NULL, NULL, NULL, NULL, NULL, NULL, NULL, NULL, NULL, NULL, NULL, NULL, NULL, NULL, NULL, NULL, NULL, NULL, NULL, NULL, NULL, NULL, NULL, NULL, NULL, NULL, NULL, NULL, NULL, NULL, NULL, NULL, NULL, NULL, NULL, NULL, NULL, NULL, NULL, NULL, NULL, NULL, NULL, NULL, NULL, NULL, NULL, NULL, NULL, NULL, NULL, NULL, NULL, NULL, NULL, NULL, NULL, NULL, NULL, NULL, NULL, NULL, NULL, NULL, NULL, NULL, NULL, NULL, NULL, NULL, NULL, NULL, NULL, NULL, NULL, NULL, NULL, NULL, NULL, NULL, NULL, NULL, NULL, NULL, NULL, NULL, NULL, NULL, NULL, NULL, NULL, NULL, NULL, NULL, NULL, NULL, NULL, NULL, NULL, NULL, NULL, NULL, NULL, NULL, NULL, NULL, NULL, NULL, NULL, NULL, NULL, NULL, NULL, NULL, NULL, NULL, NULL, NULL, NULL, NULL, NULL, NULL, NULL, NULL, NULL, NULL, NULL, NULL, NULL, NULL, NULL, NULL, NULL, NULL, NULL, NULL, NULL, NULL, NULL, NULL, NULL, NULL, NULL, NULL, NULL, NULL, NULL, NULL, NULL, NULL, NULL, NULL, NULL, NULL, NULL, NULL, NULL, NULL, NULL, NULL, NULL, NULL),
(26, 'rec_5610488f09', '2025-12-24', '07:37:27', 1, 55, 2, 2, '', '', '', '', '', '', '', '', '', '', '', '', '', '', '', '', '', '', '', '', '', NULL, NULL, NULL, NULL, NULL, NULL, NULL, NULL, NULL, NULL, NULL, NULL, NULL, NULL, NULL, NULL, NULL, NULL, NULL, NULL, NULL, NULL, NULL, NULL, NULL, NULL, NULL, NULL, NULL, NULL, NULL, NULL, NULL, NULL, NULL, NULL, NULL, NULL, NULL, NULL, NULL, NULL, NULL, NULL, NULL, NULL, NULL, NULL, NULL, NULL, NULL, NULL, NULL, NULL, NULL, NULL, NULL, NULL, NULL, NULL, NULL, NULL, NULL, NULL, NULL, NULL, NULL, NULL, NULL, NULL, NULL, NULL, NULL, NULL, NULL, NULL, NULL, NULL, NULL, NULL, NULL, NULL, NULL, NULL, NULL, NULL, NULL, NULL, NULL, NULL, NULL, NULL, NULL, NULL, NULL, NULL, NULL, NULL, NULL, NULL, NULL, NULL, NULL, NULL, NULL, NULL, NULL, NULL, NULL, NULL, NULL, NULL, NULL, NULL, NULL, NULL, NULL, NULL, NULL, NULL, NULL, NULL, NULL, NULL, NULL, NULL, NULL, NULL, NULL, NULL, NULL, NULL, NULL, NULL, NULL, NULL, NULL, NULL, NULL, NULL, NULL, NULL, NULL, NULL, NULL, NULL, NULL, NULL, NULL, NULL, NULL, NULL, NULL, NULL, NULL, NULL, NULL, NULL, NULL, NULL, NULL, NULL, NULL, NULL, NULL, NULL, NULL, NULL, NULL),
(27, 'rec_561934a945', '2025-12-24', '07:37:29', 1, 55, 2, 2, '', '', '', '', '', '', '', '', '', '', '', '', '', '', '', '', '', '', '', '', '', NULL, NULL, NULL, NULL, NULL, NULL, NULL, NULL, NULL, NULL, NULL, NULL, NULL, NULL, NULL, NULL, NULL, NULL, NULL, NULL, NULL, NULL, NULL, NULL, NULL, NULL, NULL, NULL, NULL, NULL, NULL, NULL, NULL, NULL, NULL, NULL, NULL, NULL, NULL, NULL, NULL, NULL, NULL, NULL, NULL, NULL, NULL, NULL, NULL, NULL, NULL, NULL, NULL, NULL, NULL, NULL, NULL, NULL, NULL, NULL, NULL, NULL, NULL, NULL, NULL, NULL, NULL, NULL, NULL, NULL, NULL, NULL, NULL, NULL, NULL, NULL, NULL, NULL, NULL, NULL, NULL, NULL, NULL, NULL, NULL, NULL, NULL, NULL, NULL, NULL, NULL, NULL, NULL, NULL, NULL, NULL, NULL, NULL, NULL, NULL, NULL, NULL, NULL, NULL, NULL, NULL, NULL, NULL, NULL, NULL, NULL, NULL, NULL, NULL, NULL, NULL, NULL, NULL, NULL, NULL, NULL, NULL, NULL, NULL, NULL, NULL, NULL, NULL, NULL, NULL, NULL, NULL, NULL, NULL, NULL, NULL, NULL, NULL, NULL, NULL, NULL, NULL, NULL, NULL, NULL, NULL, NULL, NULL, NULL, NULL, NULL, NULL, NULL, NULL, NULL, NULL, NULL, NULL, NULL, NULL, NULL, NULL, NULL, NULL, NULL, NULL, NULL, NULL, NULL),
(28, 'rec_5612bacfe1', '2025-12-24', '07:37:31', 1, 55, 7, 7, NULL, NULL, NULL, NULL, NULL, NULL, NULL, NULL, NULL, NULL, NULL, NULL, NULL, NULL, NULL, NULL, NULL, NULL, NULL, NULL, NULL, NULL, NULL, NULL, NULL, NULL, NULL, NULL, NULL, NULL, NULL, NULL, NULL, NULL, NULL, NULL, NULL, NULL, NULL, NULL, NULL, NULL, NULL, NULL, NULL, NULL, NULL, NULL, NULL, NULL, NULL, NULL, NULL, NULL, NULL, NULL, NULL, NULL, NULL, NULL, NULL, NULL, NULL, NULL, NULL, NULL, NULL, NULL, NULL, NULL, NULL, NULL, NULL, NULL, NULL, NULL, NULL, NULL, NULL, NULL, NULL, NULL, NULL, NULL, NULL, NULL, NULL, NULL, NULL, NULL, NULL, NULL, NULL, NULL, NULL, NULL, NULL, NULL, NULL, NULL, NULL, NULL, NULL, NULL, NULL, NULL, NULL, NULL, NULL, NULL, NULL, NULL, NULL, NULL, NULL, NULL, NULL, NULL, NULL, NULL, NULL, NULL, NULL, NULL, NULL, NULL, NULL, NULL, NULL, NULL, NULL, NULL, NULL, NULL, NULL, NULL, NULL, NULL, NULL, NULL, NULL, NULL, NULL, NULL, NULL, NULL, NULL, NULL, NULL, NULL, NULL, NULL, NULL, NULL, NULL, NULL, NULL, NULL, NULL, NULL, NULL, NULL, NULL, NULL, NULL, NULL, NULL, NULL, NULL, NULL, NULL, NULL, NULL, NULL, NULL, NULL, NULL, NULL, NULL, NULL, NULL, NULL, NULL, NULL, NULL, NULL, NULL, NULL, NULL, NULL),
(29, 'rec_561202e793', '2025-12-24', '07:37:33', 1, 55, 7, 7, NULL, NULL, NULL, NULL, NULL, NULL, NULL, NULL, NULL, NULL, NULL, NULL, NULL, NULL, NULL, NULL, NULL, NULL, NULL, NULL, NULL, NULL, NULL, NULL, NULL, NULL, NULL, NULL, NULL, NULL, NULL, NULL, NULL, NULL, NULL, NULL, NULL, NULL, NULL, NULL, NULL, NULL, NULL, NULL, NULL, NULL, NULL, NULL, NULL, NULL, NULL, NULL, NULL, NULL, NULL, NULL, NULL, NULL, NULL, NULL, NULL, NULL, NULL, NULL, NULL, NULL, NULL, NULL, NULL, NULL, NULL, NULL, NULL, NULL, NULL, NULL, NULL, NULL, NULL, NULL, NULL, NULL, NULL, NULL, NULL, NULL, NULL, NULL, NULL, NULL, NULL, NULL, NULL, NULL, NULL, NULL, NULL, NULL, NULL, NULL, NULL, NULL, NULL, NULL, NULL, NULL, NULL, NULL, NULL, NULL, NULL, NULL, NULL, NULL, NULL, NULL, NULL, NULL, NULL, NULL, NULL, NULL, NULL, NULL, NULL, NULL, NULL, NULL, NULL, NULL, NULL, NULL, NULL, NULL, NULL, NULL, NULL, NULL, NULL, NULL, NULL, NULL, NULL, NULL, NULL, NULL, NULL, NULL, NULL, NULL, NULL, NULL, NULL, NULL, NULL, NULL, NULL, NULL, NULL, NULL, NULL, NULL, NULL, NULL, NULL, NULL, NULL, NULL, NULL, NULL, NULL, NULL, NULL, NULL, NULL, NULL, NULL, NULL, NULL, NULL, NULL, NULL, NULL, NULL, NULL, NULL, NULL, NULL, NULL, NULL),
(30, 'rec_5613420607', '2025-12-24', '07:42:16', 1, 54, 1, 1, NULL, NULL, NULL, NULL, NULL, NULL, NULL, NULL, NULL, NULL, NULL, NULL, NULL, NULL, NULL, NULL, NULL, NULL, NULL, NULL, NULL, NULL, NULL, NULL, NULL, NULL, NULL, NULL, NULL, NULL, NULL, NULL, NULL, NULL, NULL, NULL, NULL, NULL, NULL, NULL, NULL, NULL, NULL, NULL, NULL, NULL, NULL, NULL, NULL, NULL, NULL, NULL, NULL, NULL, NULL, NULL, NULL, NULL, NULL, NULL, NULL, NULL, NULL, NULL, NULL, NULL, NULL, NULL, NULL, NULL, NULL, NULL, NULL, NULL, NULL, NULL, NULL, NULL, NULL, NULL, NULL, NULL, NULL, NULL, NULL, NULL, NULL, NULL, NULL, NULL, NULL, NULL, NULL, NULL, NULL, NULL, NULL, NULL, NULL, NULL, NULL, NULL, NULL, NULL, NULL, NULL, NULL, NULL, NULL, NULL, NULL, NULL, NULL, NULL, NULL, NULL, NULL, NULL, NULL, NULL, NULL, NULL, NULL, NULL, NULL, NULL, NULL, NULL, NULL, NULL, NULL, NULL, NULL, NULL, NULL, NULL, NULL, NULL, NULL, NULL, NULL, NULL, NULL, NULL, NULL, NULL, NULL, NULL, NULL, NULL, NULL, NULL, NULL, NULL, NULL, NULL, NULL, NULL, NULL, NULL, NULL, NULL, NULL, NULL, NULL, NULL, NULL, NULL, NULL, NULL, NULL, NULL, NULL, NULL, NULL, NULL, NULL, NULL, NULL, NULL, NULL, NULL, NULL, NULL, NULL, NULL, NULL, NULL, NULL, NULL),
(31, 'rec_561187cb8c', '2025-12-24', '07:42:18', 1, 54, 1, 1, NULL, NULL, NULL, NULL, NULL, NULL, NULL, NULL, NULL, NULL, NULL, NULL, NULL, NULL, NULL, NULL, NULL, NULL, NULL, NULL, NULL, NULL, NULL, NULL, NULL, NULL, NULL, NULL, NULL, NULL, NULL, NULL, NULL, NULL, NULL, NULL, NULL, NULL, NULL, NULL, NULL, NULL, NULL, NULL, NULL, NULL, NULL, NULL, NULL, NULL, NULL, NULL, NULL, NULL, NULL, NULL, NULL, NULL, NULL, NULL, NULL, NULL, NULL, NULL, NULL, NULL, NULL, NULL, NULL, NULL, NULL, NULL, NULL, NULL, NULL, NULL, NULL, NULL, NULL, NULL, NULL, NULL, NULL, NULL, NULL, NULL, NULL, NULL, NULL, NULL, NULL, NULL, NULL, NULL, NULL, NULL, NULL, NULL, NULL, NULL, NULL, NULL, NULL, NULL, NULL, NULL, NULL, NULL, NULL, NULL, NULL, NULL, NULL, NULL, NULL, NULL, NULL, NULL, NULL, NULL, NULL, NULL, NULL, NULL, NULL, NULL, NULL, NULL, NULL, NULL, NULL, NULL, NULL, NULL, NULL, NULL, NULL, NULL, NULL, NULL, NULL, NULL, NULL, NULL, NULL, NULL, NULL, NULL, NULL, NULL, NULL, NULL, NULL, NULL, NULL, NULL, NULL, NULL, NULL, NULL, NULL, NULL, NULL, NULL, NULL, NULL, NULL, NULL, NULL, NULL, NULL, NULL, NULL, NULL, NULL, NULL, NULL, NULL, NULL, NULL, NULL, NULL, NULL, NULL, NULL, NULL, NULL, NULL, NULL, NULL);

-- --------------------------------------------------------

--
-- Table structure for table `tbl_detail_line`
--

CREATE TABLE `tbl_detail_line` (
  `id_detail` int NOT NULL,
  `line_id` int NOT NULL,
  `application_id` int NOT NULL
) ENGINE=InnoDB DEFAULT CHARSET=utf8mb4 COLLATE=utf8mb4_0900_ai_ci;

--
-- Dumping data for table `tbl_detail_line`
--

INSERT INTO `tbl_detail_line` (`id_detail`, `line_id`, `application_id`) VALUES
(4, 1, 54),
(3, 1, 55),
(2, 3, 2),
(1, 8, 54),
(5, 8, 55);

-- --------------------------------------------------------

--
-- Table structure for table `tbl_filename`
--

CREATE TABLE `tbl_filename` (
  `file_id` int NOT NULL,
  `temp_id` int NOT NULL,
  `application_id` int DEFAULT NULL,
  `filename` varchar(64) CHARACTER SET utf8mb4 COLLATE utf8mb4_general_ci NOT NULL,
  `create_at` timestamp NOT NULL DEFAULT (now()),
  `create_by` varchar(64) CHARACTER SET utf8mb4 COLLATE utf8mb4_general_ci NOT NULL
) ENGINE=InnoDB DEFAULT CHARSET=utf8mb4 COLLATE=utf8mb4_general_ci;

--
-- Dumping data for table `tbl_filename`
--

INSERT INTO `tbl_filename` (`file_id`, `temp_id`, `application_id`, `filename`, `create_at`, `create_by`) VALUES
(1, 0, 54, 'BlackPattern.csv', '2025-12-11 12:49:20', 'admin'),
(2, 0, 55, 'AdfAll_ExAcc.csv', '2025-12-12 04:38:53', 'admin'),
(4, 0, 57, 'scorify_export_2025-12-14.csv', '2025-12-17 03:33:19', 'admin'),
(5, 0, 54, 'Eatt3.csv', '2025-12-19 06:31:09', 'admin'),
(6, 0, 55, 'AdfAll2_ZeroPaperFeed.csv', '2025-12-23 15:07:58', 'admin'),
(7, 0, 55, 'ZeroCr2.csv', '2025-12-23 15:10:56', 'admin');

-- --------------------------------------------------------

--
-- Table structure for table `tbl_header`
--

CREATE TABLE `tbl_header` (
  `header_id` int NOT NULL,
  `record_no` int NOT NULL,
  `file_id` int DEFAULT NULL,
  `column_1` varchar(70) DEFAULT NULL,
  `column_2` varchar(70) DEFAULT NULL,
  `column_3` varchar(70) DEFAULT NULL,
  `column_4` varchar(70) DEFAULT NULL,
  `column_5` varchar(70) DEFAULT NULL,
  `column_6` varchar(70) DEFAULT NULL,
  `column_7` varchar(70) DEFAULT NULL,
  `column_8` varchar(70) DEFAULT NULL,
  `column_9` varchar(70) DEFAULT NULL,
  `column_10` varchar(70) DEFAULT NULL,
  `column_11` varchar(70) DEFAULT NULL,
  `column_12` varchar(70) DEFAULT NULL,
  `column_13` varchar(70) DEFAULT NULL,
  `column_14` varchar(70) DEFAULT NULL,
  `column_15` varchar(70) DEFAULT NULL,
  `column_16` varchar(70) DEFAULT NULL,
  `column_17` varchar(70) DEFAULT NULL,
  `column_18` varchar(70) DEFAULT NULL,
  `column_19` varchar(70) DEFAULT NULL,
  `column_20` varchar(70) DEFAULT NULL,
  `column_21` varchar(70) DEFAULT NULL,
  `column_22` varchar(70) DEFAULT NULL,
  `column_23` varchar(70) DEFAULT NULL,
  `column_24` varchar(70) DEFAULT NULL,
  `column_25` varchar(70) DEFAULT NULL,
  `column_26` varchar(70) DEFAULT NULL,
  `column_27` varchar(70) DEFAULT NULL,
  `column_28` varchar(70) DEFAULT NULL,
  `column_29` varchar(70) DEFAULT NULL,
  `column_30` varchar(70) DEFAULT NULL,
  `column_31` varchar(70) DEFAULT NULL,
  `column_32` varchar(70) DEFAULT NULL,
  `column_33` varchar(70) DEFAULT NULL,
  `column_34` varchar(70) DEFAULT NULL,
  `column_35` varchar(70) DEFAULT NULL,
  `column_36` varchar(70) DEFAULT NULL,
  `column_37` varchar(70) DEFAULT NULL,
  `column_38` varchar(70) DEFAULT NULL,
  `column_39` varchar(70) DEFAULT NULL,
  `column_40` varchar(70) DEFAULT NULL,
  `column_41` varchar(70) DEFAULT NULL,
  `column_42` varchar(70) DEFAULT NULL,
  `column_43` varchar(70) DEFAULT NULL,
  `column_44` varchar(70) DEFAULT NULL,
  `column_45` varchar(70) DEFAULT NULL,
  `column_46` varchar(70) DEFAULT NULL,
  `column_47` varchar(70) DEFAULT NULL,
  `column_48` varchar(70) DEFAULT NULL,
  `column_49` varchar(70) DEFAULT NULL,
  `column_50` varchar(70) DEFAULT NULL,
  `column_51` varchar(70) DEFAULT NULL,
  `column_52` varchar(70) DEFAULT NULL,
  `column_53` varchar(70) DEFAULT NULL,
  `column_54` varchar(70) DEFAULT NULL,
  `column_55` varchar(70) DEFAULT NULL,
  `column_56` varchar(70) DEFAULT NULL,
  `column_57` varchar(70) DEFAULT NULL,
  `column_58` varchar(70) DEFAULT NULL,
  `column_59` varchar(70) DEFAULT NULL,
  `column_60` varchar(70) DEFAULT NULL,
  `column_61` varchar(70) DEFAULT NULL,
  `column_62` varchar(70) DEFAULT NULL,
  `column_63` varchar(70) DEFAULT NULL,
  `column_64` varchar(70) DEFAULT NULL,
  `column_65` varchar(70) DEFAULT NULL,
  `column_66` varchar(70) DEFAULT NULL,
  `column_67` varchar(70) DEFAULT NULL,
  `column_68` varchar(70) DEFAULT NULL,
  `column_69` varchar(70) DEFAULT NULL,
  `column_70` varchar(70) DEFAULT NULL,
  `column_71` varchar(70) DEFAULT NULL,
  `column_72` varchar(70) DEFAULT NULL,
  `column_73` varchar(70) DEFAULT NULL,
  `column_74` varchar(70) DEFAULT NULL,
  `column_75` varchar(70) DEFAULT NULL,
  `column_76` varchar(70) DEFAULT NULL,
  `column_77` varchar(70) DEFAULT NULL,
  `column_78` varchar(70) DEFAULT NULL,
  `column_79` varchar(70) DEFAULT NULL,
  `column_80` varchar(70) DEFAULT NULL,
  `column_81` varchar(70) DEFAULT NULL,
  `column_82` varchar(70) DEFAULT NULL,
  `column_83` varchar(70) DEFAULT NULL,
  `column_84` varchar(70) DEFAULT NULL,
  `column_85` varchar(70) DEFAULT NULL,
  `column_86` varchar(70) DEFAULT NULL,
  `column_87` varchar(70) DEFAULT NULL,
  `column_88` varchar(70) DEFAULT NULL,
  `column_89` varchar(70) DEFAULT NULL,
  `column_90` varchar(70) DEFAULT NULL,
  `column_91` varchar(70) DEFAULT NULL,
  `column_92` varchar(70) DEFAULT NULL,
  `column_93` varchar(70) DEFAULT NULL,
  `column_94` varchar(70) DEFAULT NULL,
  `column_95` varchar(70) DEFAULT NULL,
  `column_96` varchar(70) DEFAULT NULL,
  `column_97` varchar(70) DEFAULT NULL,
  `column_98` varchar(70) DEFAULT NULL,
  `column_99` varchar(70) DEFAULT NULL,
  `column_100` varchar(70) DEFAULT NULL,
  `column_101` varchar(70) DEFAULT NULL,
  `column_102` varchar(70) DEFAULT NULL,
  `column_103` varchar(70) DEFAULT NULL,
  `column_104` varchar(70) DEFAULT NULL,
  `column_105` varchar(70) DEFAULT NULL,
  `column_106` varchar(70) DEFAULT NULL,
  `column_107` varchar(70) DEFAULT NULL,
  `column_108` varchar(70) DEFAULT NULL,
  `column_109` varchar(70) DEFAULT NULL,
  `column_110` varchar(70) DEFAULT NULL,
  `column_111` varchar(70) DEFAULT NULL,
  `column_112` varchar(70) DEFAULT NULL,
  `column_113` varchar(70) DEFAULT NULL,
  `column_114` varchar(70) DEFAULT NULL,
  `column_115` varchar(70) DEFAULT NULL,
  `column_116` varchar(70) DEFAULT NULL,
  `column_117` varchar(70) DEFAULT NULL,
  `column_118` varchar(70) DEFAULT NULL,
  `column_119` varchar(70) DEFAULT NULL,
  `column_120` varchar(70) DEFAULT NULL,
  `column_121` varchar(70) DEFAULT NULL,
  `column_122` varchar(70) DEFAULT NULL,
  `column_123` varchar(70) DEFAULT NULL,
  `column_124` varchar(70) DEFAULT NULL,
  `column_125` varchar(70) DEFAULT NULL,
  `column_126` varchar(70) DEFAULT NULL,
  `column_127` varchar(70) DEFAULT NULL,
  `column_128` varchar(70) DEFAULT NULL,
  `column_129` varchar(70) DEFAULT NULL,
  `column_130` varchar(70) DEFAULT NULL,
  `column_131` varchar(70) DEFAULT NULL,
  `column_132` varchar(70) DEFAULT NULL,
  `column_133` varchar(70) DEFAULT NULL,
  `column_134` varchar(70) DEFAULT NULL,
  `column_135` varchar(70) DEFAULT NULL,
  `column_136` varchar(70) DEFAULT NULL,
  `column_137` varchar(70) DEFAULT NULL,
  `column_138` varchar(70) DEFAULT NULL,
  `column_139` varchar(70) DEFAULT NULL,
  `column_140` varchar(70) DEFAULT NULL,
  `column_141` varchar(70) DEFAULT NULL,
  `column_142` varchar(70) DEFAULT NULL,
  `column_143` varchar(70) DEFAULT NULL,
  `column_144` varchar(70) DEFAULT NULL,
  `column_145` varchar(70) DEFAULT NULL,
  `column_146` varchar(70) DEFAULT NULL,
  `column_147` varchar(70) DEFAULT NULL,
  `column_148` varchar(70) DEFAULT NULL,
  `column_149` varchar(70) DEFAULT NULL,
  `column_150` varchar(70) DEFAULT NULL,
  `column_151` varchar(70) DEFAULT NULL,
  `column_152` varchar(70) DEFAULT NULL,
  `column_153` varchar(70) DEFAULT NULL,
  `column_154` varchar(70) DEFAULT NULL,
  `column_155` varchar(70) DEFAULT NULL,
  `column_156` varchar(70) DEFAULT NULL,
  `column_157` varchar(70) DEFAULT NULL,
  `column_158` varchar(70) DEFAULT NULL,
  `column_159` varchar(70) DEFAULT NULL,
  `column_160` varchar(70) DEFAULT NULL,
  `column_161` varchar(70) DEFAULT NULL,
  `column_162` varchar(70) DEFAULT NULL,
  `column_163` varchar(70) DEFAULT NULL,
  `column_164` varchar(70) DEFAULT NULL,
  `column_165` varchar(70) DEFAULT NULL,
  `column_166` varchar(70) DEFAULT NULL,
  `column_167` varchar(70) DEFAULT NULL,
  `column_168` varchar(70) DEFAULT NULL,
  `column_169` varchar(70) DEFAULT NULL,
  `column_170` varchar(70) DEFAULT NULL,
  `column_171` varchar(70) DEFAULT NULL,
  `column_172` varchar(70) DEFAULT NULL,
  `column_173` varchar(70) DEFAULT NULL,
  `column_174` varchar(70) DEFAULT NULL,
  `column_175` varchar(70) DEFAULT NULL,
  `column_176` varchar(70) DEFAULT NULL,
  `column_177` varchar(70) DEFAULT NULL,
  `column_178` varchar(70) DEFAULT NULL,
  `column_179` varchar(70) DEFAULT NULL,
  `column_180` varchar(70) DEFAULT NULL,
  `column_181` varchar(70) DEFAULT NULL,
  `column_182` varchar(70) DEFAULT NULL,
  `column_183` varchar(70) DEFAULT NULL,
  `column_184` varchar(70) DEFAULT NULL,
  `column_185` varchar(70) DEFAULT NULL,
  `column_186` varchar(70) DEFAULT NULL,
  `column_187` varchar(70) DEFAULT NULL,
  `column_188` varchar(70) DEFAULT NULL,
  `column_189` varchar(70) DEFAULT NULL,
  `column_190` varchar(70) DEFAULT NULL
) ENGINE=InnoDB DEFAULT CHARSET=utf8mb4 COLLATE=utf8mb4_0900_ai_ci;

--
-- Dumping data for table `tbl_header`
--

INSERT INTO `tbl_header` (`header_id`, `record_no`, `file_id`, `column_1`, `column_2`, `column_3`, `column_4`, `column_5`, `column_6`, `column_7`, `column_8`, `column_9`, `column_10`, `column_11`, `column_12`, `column_13`, `column_14`, `column_15`, `column_16`, `column_17`, `column_18`, `column_19`, `column_20`, `column_21`, `column_22`, `column_23`, `column_24`, `column_25`, `column_26`, `column_27`, `column_28`, `column_29`, `column_30`, `column_31`, `column_32`, `column_33`, `column_34`, `column_35`, `column_36`, `column_37`, `column_38`, `column_39`, `column_40`, `column_41`, `column_42`, `column_43`, `column_44`, `column_45`, `column_46`, `column_47`, `column_48`, `column_49`, `column_50`, `column_51`, `column_52`, `column_53`, `column_54`, `column_55`, `column_56`, `column_57`, `column_58`, `column_59`, `column_60`, `column_61`, `column_62`, `column_63`, `column_64`, `column_65`, `column_66`, `column_67`, `column_68`, `column_69`, `column_70`, `column_71`, `column_72`, `column_73`, `column_74`, `column_75`, `column_76`, `column_77`, `column_78`, `column_79`, `column_80`, `column_81`, `column_82`, `column_83`, `column_84`, `column_85`, `column_86`, `column_87`, `column_88`, `column_89`, `column_90`, `column_91`, `column_92`, `column_93`, `column_94`, `column_95`, `column_96`, `column_97`, `column_98`, `column_99`, `column_100`, `column_101`, `column_102`, `column_103`, `column_104`, `column_105`, `column_106`, `column_107`, `column_108`, `column_109`, `column_110`, `column_111`, `column_112`, `column_113`, `column_114`, `column_115`, `column_116`, `column_117`, `column_118`, `column_119`, `column_120`, `column_121`, `column_122`, `column_123`, `column_124`, `column_125`, `column_126`, `column_127`, `column_128`, `column_129`, `column_130`, `column_131`, `column_132`, `column_133`, `column_134`, `column_135`, `column_136`, `column_137`, `column_138`, `column_139`, `column_140`, `column_141`, `column_142`, `column_143`, `column_144`, `column_145`, `column_146`, `column_147`, `column_148`, `column_149`, `column_150`, `column_151`, `column_152`, `column_153`, `column_154`, `column_155`, `column_156`, `column_157`, `column_158`, `column_159`, `column_160`, `column_161`, `column_162`, `column_163`, `column_164`, `column_165`, `column_166`, `column_167`, `column_168`, `column_169`, `column_170`, `column_171`, `column_172`, `column_173`, `column_174`, `column_175`, `column_176`, `column_177`, `column_178`, `column_179`, `column_180`, `column_181`, `column_182`, `column_183`, `column_184`, `column_185`, `column_186`, `column_187`, `column_188`, `column_189`, `column_190`) VALUES
(1, 1, 1, 'SCM S/N', 'ADF S/N', 'Input', 'ChartID', 'Result', 'Date', 'Time', 'Level', 'Position', 'AVE(G)', 'AVE(R)', 'AVE(B)', 'STDEV(G)', 'STDEV(R)', 'STDEV(B)', 'DIF1(G)', 'DIF1(R)', 'DIF1(B)', 'DIF2(G)', 'DIF2(R)', 'DIF2(B)', 'DIF3(G)', 'DIF3(R)', 'DIF3(B)', 'DIF4(G)', 'DIF4(R)', 'DIF4(B)', 'DIF5(G)', 'DIF5(R)', 'DIF5(B)', 'Green GapMax', 'Green GapCount', 'Red GapMax', 'Red GapCount', 'Blue GapMax', 'Blue GapCount', 'H_L_AveG', 'H_L_AveR', 'H_L_AveB', 'H_L_StdevG', 'H_L_StdevR', 'H_L_StdevB', 'H_L_Stdev', NULL, NULL, NULL, NULL, NULL, NULL, NULL, NULL, NULL, NULL, NULL, NULL, NULL, NULL, NULL, NULL, NULL, NULL, NULL, NULL, NULL, NULL, NULL, NULL, NULL, NULL, NULL, NULL, NULL, NULL, NULL, NULL, NULL, NULL, NULL, NULL, NULL, NULL, NULL, NULL, NULL, NULL, NULL, NULL, NULL, NULL, NULL, NULL, NULL, NULL, NULL, NULL, NULL, NULL, NULL, NULL, NULL, NULL, NULL, NULL, NULL, NULL, NULL, NULL, NULL, NULL, NULL, NULL, NULL, NULL, NULL, NULL, NULL, NULL, NULL, NULL, NULL, NULL, NULL, NULL, NULL, NULL, NULL, NULL, NULL, NULL, NULL, NULL, NULL, NULL, NULL, NULL, NULL, NULL, NULL, NULL, NULL, NULL, NULL, NULL, NULL, NULL, NULL, NULL, NULL, NULL, NULL, NULL, NULL, NULL, NULL, NULL, NULL, NULL, NULL, NULL, NULL, NULL, NULL, NULL, NULL, NULL, NULL, NULL, NULL, NULL, NULL, NULL, NULL, NULL, NULL, NULL, NULL, NULL, NULL, NULL, NULL, NULL, NULL, NULL, NULL, NULL, NULL, NULL, NULL, NULL, NULL),
(2, 2, 2, 'SCM S/N', 'ADF S/N', 'Input', 'ChartID', 'Result', 'Date', 'Time', 'AccZAll', 'AccOAll', 'AccZ1-1', 'AccZ1-2', 'AccZ1-3', 'AccZ1-4', 'AccZ1-5', 'AccZ1-6', 'AccZ1-7', 'AccZ1-8', 'AccZ1-9', 'AccZ1-10', 'AccO1-1', 'AccO1-2', 'AccO1-3', 'AccO1-4', 'AccO1-5', 'AccO1-6', 'AccO1-7', 'AccO1-8', 'AccO1-9', 'AccO1-10', 'PosZAll', 'PosOAll', 'PosZ1-1', 'PosZ1-2', 'PosZ1-3', 'PosZ1-4', 'PosZ1-5', 'PosZ1-6', 'PosZ1-7', 'PosZ1-8', 'PosZ1-9', 'PosZ1-10', 'PosO1-1', 'PosO1-2', 'PosO1-3', 'PosO1-4', 'PosO1-5', 'PosO1-6', 'PosO1-7', 'PosO1-8', 'PosO1-9', 'PosO1-10', 'PosZ2-1', 'PosZ2-2', 'PosZ2-3', 'PosZ2-4', 'PosZ2-5', 'PosZ2-6', 'PosZ2-7', 'PosZ2-8', 'PosZ2-9', 'PosZ2-10', 'PosZ2-11', 'PosZ2-12', 'PosZ2-13', 'PosZ2-14', 'PosZ2-15', 'PosZ2-16', 'PosZ2-17', 'PosZ2-18', 'PosZ2-19', 'PosZ2-20', 'PosZ2-21', 'PosZ2-22', 'PosZ2-23', 'PosZ2-24', 'PosZ2-25', 'PosZ2-26', 'PosZ2-27', 'PosZ2-28', 'PosZ2-29', 'PosZ2-30', 'PosZ2-31', 'PosZ2-32', 'PosZ2-33', 'PosZ2-34', 'PosZ2-35', 'PosZ2-36', 'PosZ2-37', 'PosZ2-38', 'PosZ2-39', 'PosZ2-40', 'PosZ2-41', 'PosZ2-42', 'PosZ2-43', 'PosZ2-44', 'PosZ2-45', 'PosZ2-46', 'PosZ2-47', 'PosZ2-48', 'PosZ2-49', 'PosZ2-50', 'PosZ2-51', 'PosZ2-52', 'PosZ2-53', 'PosZ2-54', 'PosZ2-55', 'PosZ2-56', 'PosZ2-57', 'PosZ2-58', 'PosZ2-59', 'PosZ2-60', 'PosZ2-61', 'PosZ2-62', 'PosZ2-63', 'PosZ2-64', 'PosZ2-65', 'PosZ2-66', 'PosZ2-67', 'PosZ2-68', 'PosZ2-69', 'PosZ2-70', 'PosZ2-71', 'PosZ2-72', 'PosZ2-73', 'PosZ2-74', 'PosZ2-75', 'PosZ2-76', 'PosZ2-77', 'PosZ2-78', 'PosZ2-79', 'PosZ2-80', 'PosO2-1', 'PosO2-2', 'PosO2-3', 'PosO2-4', 'PosO2-5', 'PosO2-6', 'PosO2-7', 'PosO2-8', 'PosO2-9', 'PosO2-10', 'PosO2-11', 'PosO2-12', 'PosO2-13', 'PosO2-14', 'PosO2-15', 'PosO2-16', 'PosO2-17', 'PosO2-18', 'PosO2-19', 'PosO2-20', 'PosO2-21', 'PosO2-22', 'PosO2-23', 'PosO2-24', 'PosO2-25', 'PosO2-26', 'PosO2-27', 'PosO2-28', 'PosO2-29', 'PosO2-30', 'PosO2-31', 'PosO2-32', 'PosO2-33', 'PosO2-34', 'PosO2-35', 'PosO2-36', 'PosO2-37', 'PosO2-38', 'PosO2-39', 'PosO2-40', 'PosO2-41', 'PosO2-42', 'PosO2-43', 'PosO2-44', 'PosO2-45', 'PosO2-46', 'PosO2-47', 'PosO2-48', 'PosO2-49', 'PosO2-50', 'PosO2-51', 'PosO2-52', 'PosO2-53', 'PosO2-54', 'PosO2-55', 'PosO2-56', 'PosO2-57', 'PosO2-58', 'PosO2-59'),
(4, 3, 4, 'Nama', 'Usia', 'Pekerjaan', 'Status Pinjaman', 'Skor', 'Status Interaksi', NULL, NULL, NULL, NULL, NULL, NULL, NULL, NULL, NULL, NULL, NULL, NULL, NULL, NULL, NULL, NULL, NULL, NULL, NULL, NULL, NULL, NULL, NULL, NULL, NULL, NULL, NULL, NULL, NULL, NULL, NULL, NULL, NULL, NULL, NULL, NULL, NULL, NULL, NULL, NULL, NULL, NULL, NULL, NULL, NULL, NULL, NULL, NULL, NULL, NULL, NULL, NULL, NULL, NULL, NULL, NULL, NULL, NULL, NULL, NULL, NULL, NULL, NULL, NULL, NULL, NULL, NULL, NULL, NULL, NULL, NULL, NULL, NULL, NULL, NULL, NULL, NULL, NULL, NULL, NULL, NULL, NULL, NULL, NULL, NULL, NULL, NULL, NULL, NULL, NULL, NULL, NULL, NULL, NULL, NULL, NULL, NULL, NULL, NULL, NULL, NULL, NULL, NULL, NULL, NULL, NULL, NULL, NULL, NULL, NULL, NULL, NULL, NULL, NULL, NULL, NULL, NULL, NULL, NULL, NULL, NULL, NULL, NULL, NULL, NULL, NULL, NULL, NULL, NULL, NULL, NULL, NULL, NULL, NULL, NULL, NULL, NULL, NULL, NULL, NULL, NULL, NULL, NULL, NULL, NULL, NULL, NULL, NULL, NULL, NULL, NULL, NULL, NULL, NULL, NULL, NULL, NULL, NULL, NULL, NULL, NULL, NULL, NULL, NULL, NULL, NULL, NULL, NULL, NULL, NULL, NULL, NULL, NULL, NULL, NULL, NULL, NULL, NULL, NULL, NULL, NULL, NULL, NULL, NULL),
(5, 5, 5, 'SCM S/N', 'ADF S/N', 'Input', 'ChartID', 'Result', 'Date', 'Time', 'Gain(G)', 'Gain(R)', 'Gain(B)', 'Offset(G)', 'Offset(R)', 'Offset(B)', 'ShiftTime', 'Accumlate(G)', 'Accumlate(R)', 'Accumlate(B)', 'B_Accumlate(G)', 'B_Accumlate(R)', 'B_Accumlate(B)', 'B_Gain', 'Offset(Ch0)', 'Offset(Ch1)', 'Offset(Ch2)', 'Offset(Ch3)', 'Offset(Ch4)', 'Offset(Ch5)', 'B_Offset(Ch0)', 'B_Offset(Ch1)', 'B_Offset(Ch2)', 'B_Offset(Ch3)', 'B_Offset(Ch4)', 'B_Offset(Ch5)', NULL, NULL, NULL, NULL, NULL, NULL, NULL, NULL, NULL, NULL, NULL, NULL, NULL, NULL, NULL, NULL, NULL, NULL, NULL, NULL, NULL, NULL, NULL, NULL, NULL, NULL, NULL, NULL, NULL, NULL, NULL, NULL, NULL, NULL, NULL, NULL, NULL, NULL, NULL, NULL, NULL, NULL, NULL, NULL, NULL, NULL, NULL, NULL, NULL, NULL, NULL, NULL, NULL, NULL, NULL, NULL, NULL, NULL, NULL, NULL, NULL, NULL, NULL, NULL, NULL, NULL, NULL, NULL, NULL, NULL, NULL, NULL, NULL, NULL, NULL, NULL, NULL, NULL, NULL, NULL, NULL, NULL, NULL, NULL, NULL, NULL, NULL, NULL, NULL, NULL, NULL, NULL, NULL, NULL, NULL, NULL, NULL, NULL, NULL, NULL, NULL, NULL, NULL, NULL, NULL, NULL, NULL, NULL, NULL, NULL, NULL, NULL, NULL, NULL, NULL, NULL, NULL, NULL, NULL, NULL, NULL, NULL, NULL, NULL, NULL, NULL, NULL, NULL, NULL, NULL, NULL, NULL, NULL, NULL, NULL, NULL, NULL, NULL, NULL, NULL, NULL, NULL, NULL, NULL, NULL, NULL, NULL, NULL, NULL, NULL, NULL, NULL, NULL, NULL, NULL, NULL, NULL),
(6, 6, 6, 'SCM S/N', 'ADF S/N', 'Input', 'ChartID', 'Result', 'Date', 'Time', 'ZeroSide', 'OppSide', 'Skew', NULL, NULL, NULL, NULL, NULL, NULL, NULL, NULL, NULL, NULL, NULL, NULL, NULL, NULL, NULL, NULL, NULL, NULL, NULL, NULL, NULL, NULL, NULL, NULL, NULL, NULL, NULL, NULL, NULL, NULL, NULL, NULL, NULL, NULL, NULL, NULL, NULL, NULL, NULL, NULL, NULL, NULL, NULL, NULL, NULL, NULL, NULL, NULL, NULL, NULL, NULL, NULL, NULL, NULL, NULL, NULL, NULL, NULL, NULL, NULL, NULL, NULL, NULL, NULL, NULL, NULL, NULL, NULL, NULL, NULL, NULL, NULL, NULL, NULL, NULL, NULL, NULL, NULL, NULL, NULL, NULL, NULL, NULL, NULL, NULL, NULL, NULL, NULL, NULL, NULL, NULL, NULL, NULL, NULL, NULL, NULL, NULL, NULL, NULL, NULL, NULL, NULL, NULL, NULL, NULL, NULL, NULL, NULL, NULL, NULL, NULL, NULL, NULL, NULL, NULL, NULL, NULL, NULL, NULL, NULL, NULL, NULL, NULL, NULL, NULL, NULL, NULL, NULL, NULL, NULL, NULL, NULL, NULL, NULL, NULL, NULL, NULL, NULL, NULL, NULL, NULL, NULL, NULL, NULL, NULL, NULL, NULL, NULL, NULL, NULL, NULL, NULL, NULL, NULL, NULL, NULL, NULL, NULL, NULL, NULL, NULL, NULL, NULL, NULL, NULL, NULL, NULL, NULL, NULL, NULL, NULL, NULL, NULL, NULL, NULL, NULL, NULL, NULL, NULL, NULL),
(7, 7, 7, 'SCM S/N', 'ADF S/N', 'Input', 'ChartID', 'Result', 'Date', 'Time', 'ZeroMain', 'ZeroSub', 'Accuracy', 'OppMain', 'Skew', 'AllSkew', NULL, NULL, NULL, NULL, NULL, NULL, NULL, NULL, NULL, NULL, NULL, NULL, NULL, NULL, NULL, NULL, NULL, NULL, NULL, NULL, NULL, NULL, NULL, NULL, NULL, NULL, NULL, NULL, NULL, NULL, NULL, NULL, NULL, NULL, NULL, NULL, NULL, NULL, NULL, NULL, NULL, NULL, NULL, NULL, NULL, NULL, NULL, NULL, NULL, NULL, NULL, NULL, NULL, NULL, NULL, NULL, NULL, NULL, NULL, NULL, NULL, NULL, NULL, NULL, NULL, NULL, NULL, NULL, NULL, NULL, NULL, NULL, NULL, NULL, NULL, NULL, NULL, NULL, NULL, NULL, NULL, NULL, NULL, NULL, NULL, NULL, NULL, NULL, NULL, NULL, NULL, NULL, NULL, NULL, NULL, NULL, NULL, NULL, NULL, NULL, NULL, NULL, NULL, NULL, NULL, NULL, NULL, NULL, NULL, NULL, NULL, NULL, NULL, NULL, NULL, NULL, NULL, NULL, NULL, NULL, NULL, NULL, NULL, NULL, NULL, NULL, NULL, NULL, NULL, NULL, NULL, NULL, NULL, NULL, NULL, NULL, NULL, NULL, NULL, NULL, NULL, NULL, NULL, NULL, NULL, NULL, NULL, NULL, NULL, NULL, NULL, NULL, NULL, NULL, NULL, NULL, NULL, NULL, NULL, NULL, NULL, NULL, NULL, NULL, NULL, NULL, NULL, NULL, NULL, NULL, NULL, NULL, NULL, NULL, NULL, NULL, NULL);

-- --------------------------------------------------------

--
-- Table structure for table `tbl_header2`
--

CREATE TABLE `tbl_header2` (
  `header_id` int NOT NULL,
  `record_no` int NOT NULL,
  `file_id` int DEFAULT NULL,
  `column_191` varchar(70) DEFAULT NULL,
  `column_192` varchar(70) DEFAULT NULL,
  `column_193` varchar(70) DEFAULT NULL,
  `column_194` varchar(70) DEFAULT NULL,
  `column_195` varchar(70) DEFAULT NULL,
  `column_196` varchar(70) DEFAULT NULL,
  `column_197` varchar(70) DEFAULT NULL,
  `column_198` varchar(70) DEFAULT NULL,
  `column_199` varchar(70) DEFAULT NULL,
  `column_200` varchar(70) DEFAULT NULL,
  `column_201` varchar(70) DEFAULT NULL,
  `column_202` varchar(70) DEFAULT NULL,
  `column_203` varchar(70) DEFAULT NULL,
  `column_204` varchar(70) DEFAULT NULL,
  `column_205` varchar(70) DEFAULT NULL,
  `column_206` varchar(70) DEFAULT NULL,
  `column_207` varchar(70) DEFAULT NULL,
  `column_208` varchar(70) DEFAULT NULL,
  `column_209` varchar(70) DEFAULT NULL,
  `column_210` varchar(70) DEFAULT NULL,
  `column_211` varchar(70) DEFAULT NULL,
  `column_212` varchar(70) DEFAULT NULL,
  `column_213` varchar(70) DEFAULT NULL,
  `column_214` varchar(70) DEFAULT NULL,
  `column_215` varchar(70) DEFAULT NULL,
  `column_216` varchar(70) DEFAULT NULL,
  `column_217` varchar(70) DEFAULT NULL,
  `column_218` varchar(70) DEFAULT NULL,
  `column_219` varchar(70) DEFAULT NULL,
  `column_220` varchar(70) DEFAULT NULL,
  `column_221` varchar(70) DEFAULT NULL,
  `column_222` varchar(70) DEFAULT NULL,
  `column_223` varchar(70) DEFAULT NULL,
  `column_224` varchar(70) DEFAULT NULL,
  `column_225` varchar(70) DEFAULT NULL,
  `column_226` varchar(70) DEFAULT NULL,
  `column_227` varchar(70) DEFAULT NULL,
  `column_228` varchar(70) DEFAULT NULL,
  `column_229` varchar(70) DEFAULT NULL,
  `column_230` varchar(70) DEFAULT NULL,
  `column_231` varchar(70) DEFAULT NULL,
  `column_232` varchar(70) DEFAULT NULL,
  `column_233` varchar(70) DEFAULT NULL,
  `column_234` varchar(70) DEFAULT NULL,
  `column_235` varchar(70) DEFAULT NULL,
  `column_236` varchar(70) DEFAULT NULL,
  `column_237` varchar(70) DEFAULT NULL,
  `column_238` varchar(70) DEFAULT NULL,
  `column_239` varchar(70) DEFAULT NULL,
  `column_240` varchar(70) DEFAULT NULL,
  `column_241` varchar(70) DEFAULT NULL,
  `column_242` varchar(70) DEFAULT NULL,
  `column_243` varchar(70) DEFAULT NULL,
  `column_244` varchar(70) DEFAULT NULL,
  `column_245` varchar(70) DEFAULT NULL,
  `column_246` varchar(70) DEFAULT NULL,
  `column_247` varchar(70) DEFAULT NULL,
  `column_248` varchar(70) DEFAULT NULL,
  `column_249` varchar(70) DEFAULT NULL,
  `column_250` varchar(70) DEFAULT NULL,
  `column_251` varchar(70) DEFAULT NULL,
  `column_252` varchar(70) DEFAULT NULL,
  `column_253` varchar(70) DEFAULT NULL,
  `column_254` varchar(70) DEFAULT NULL,
  `column_255` varchar(70) DEFAULT NULL,
  `column_256` varchar(70) DEFAULT NULL,
  `column_257` varchar(70) DEFAULT NULL,
  `column_258` varchar(70) DEFAULT NULL,
  `column_259` varchar(70) DEFAULT NULL,
  `column_260` varchar(70) DEFAULT NULL,
  `column_261` varchar(70) DEFAULT NULL,
  `column_262` varchar(70) DEFAULT NULL,
  `column_263` varchar(70) DEFAULT NULL,
  `column_264` varchar(70) DEFAULT NULL,
  `column_265` varchar(70) DEFAULT NULL,
  `column_266` varchar(70) DEFAULT NULL,
  `column_267` varchar(70) DEFAULT NULL,
  `column_268` varchar(70) DEFAULT NULL,
  `column_269` varchar(70) DEFAULT NULL,
  `column_270` varchar(70) DEFAULT NULL,
  `column_271` varchar(70) DEFAULT NULL,
  `column_272` varchar(70) DEFAULT NULL,
  `column_273` varchar(70) DEFAULT NULL,
  `column_274` varchar(70) DEFAULT NULL,
  `column_275` varchar(70) DEFAULT NULL,
  `column_276` varchar(70) DEFAULT NULL,
  `column_277` varchar(70) DEFAULT NULL,
  `column_278` varchar(70) DEFAULT NULL,
  `column_279` varchar(70) DEFAULT NULL,
  `column_280` varchar(70) DEFAULT NULL,
  `column_281` varchar(70) DEFAULT NULL,
  `column_282` varchar(70) DEFAULT NULL,
  `column_283` varchar(70) DEFAULT NULL,
  `column_284` varchar(70) DEFAULT NULL,
  `column_285` varchar(70) DEFAULT NULL,
  `column_286` varchar(70) DEFAULT NULL,
  `column_287` varchar(70) DEFAULT NULL,
  `column_288` varchar(70) DEFAULT NULL,
  `column_289` varchar(70) DEFAULT NULL,
  `column_290` varchar(70) DEFAULT NULL,
  `column_291` varchar(70) DEFAULT NULL,
  `column_292` varchar(70) DEFAULT NULL,
  `column_293` varchar(70) DEFAULT NULL,
  `column_294` varchar(70) DEFAULT NULL,
  `column_295` varchar(70) DEFAULT NULL,
  `column_296` varchar(70) DEFAULT NULL,
  `column_297` varchar(70) DEFAULT NULL,
  `column_298` varchar(70) DEFAULT NULL,
  `column_299` varchar(70) DEFAULT NULL,
  `column_300` varchar(70) DEFAULT NULL,
  `column_301` varchar(70) DEFAULT NULL,
  `column_302` varchar(70) DEFAULT NULL,
  `column_303` varchar(70) DEFAULT NULL,
  `column_304` varchar(70) DEFAULT NULL,
  `column_305` varchar(70) DEFAULT NULL,
  `column_306` varchar(70) DEFAULT NULL,
  `column_307` varchar(70) DEFAULT NULL,
  `column_308` varchar(70) DEFAULT NULL,
  `column_309` varchar(70) DEFAULT NULL,
  `column_310` varchar(70) DEFAULT NULL,
  `column_311` varchar(70) DEFAULT NULL,
  `column_312` varchar(70) DEFAULT NULL,
  `column_313` varchar(70) DEFAULT NULL,
  `column_314` varchar(70) DEFAULT NULL,
  `column_315` varchar(70) DEFAULT NULL,
  `column_316` varchar(70) DEFAULT NULL,
  `column_317` varchar(70) DEFAULT NULL,
  `column_318` varchar(70) DEFAULT NULL,
  `column_319` varchar(70) DEFAULT NULL,
  `column_320` varchar(70) DEFAULT NULL,
  `column_321` varchar(70) DEFAULT NULL,
  `column_322` varchar(70) DEFAULT NULL,
  `column_323` varchar(70) DEFAULT NULL,
  `column_324` varchar(70) DEFAULT NULL,
  `column_325` varchar(70) DEFAULT NULL,
  `column_326` varchar(70) DEFAULT NULL,
  `column_327` varchar(70) DEFAULT NULL,
  `column_328` varchar(70) DEFAULT NULL,
  `column_329` varchar(70) DEFAULT NULL,
  `column_330` varchar(70) DEFAULT NULL,
  `column_331` varchar(70) DEFAULT NULL,
  `column_332` varchar(70) DEFAULT NULL,
  `column_333` varchar(70) DEFAULT NULL,
  `column_334` varchar(70) DEFAULT NULL,
  `column_335` varchar(70) DEFAULT NULL,
  `column_336` varchar(70) DEFAULT NULL,
  `column_337` varchar(70) DEFAULT NULL,
  `column_338` varchar(70) DEFAULT NULL,
  `column_339` varchar(70) DEFAULT NULL,
  `column_340` varchar(70) DEFAULT NULL,
  `column_341` varchar(70) DEFAULT NULL,
  `column_342` varchar(70) DEFAULT NULL,
  `column_343` varchar(70) DEFAULT NULL,
  `column_344` varchar(70) DEFAULT NULL,
  `column_345` varchar(70) DEFAULT NULL,
  `column_346` varchar(70) DEFAULT NULL,
  `column_347` varchar(70) DEFAULT NULL,
  `column_348` varchar(70) DEFAULT NULL,
  `column_349` varchar(70) DEFAULT NULL,
  `column_350` varchar(70) DEFAULT NULL,
  `column_351` varchar(70) DEFAULT NULL,
  `column_352` varchar(70) DEFAULT NULL,
  `column_353` varchar(70) DEFAULT NULL,
  `column_354` varchar(70) DEFAULT NULL,
  `column_355` varchar(70) DEFAULT NULL,
  `column_356` varchar(70) DEFAULT NULL,
  `column_357` varchar(70) DEFAULT NULL,
  `column_358` varchar(70) DEFAULT NULL,
  `column_359` varchar(70) DEFAULT NULL,
  `column_360` varchar(70) DEFAULT NULL,
  `column_361` varchar(70) DEFAULT NULL,
  `column_362` varchar(70) DEFAULT NULL,
  `column_363` varchar(70) DEFAULT NULL,
  `column_364` varchar(70) DEFAULT NULL,
  `column_365` varchar(70) DEFAULT NULL,
  `column_366` varchar(70) DEFAULT NULL,
  `column_367` varchar(70) DEFAULT NULL,
  `column_368` varchar(70) DEFAULT NULL,
  `column_369` varchar(70) DEFAULT NULL,
  `column_370` varchar(70) DEFAULT NULL,
  `column_371` varchar(70) DEFAULT NULL,
  `column_372` varchar(70) DEFAULT NULL,
  `column_373` varchar(70) DEFAULT NULL,
  `column_374` varchar(70) DEFAULT NULL,
  `column_375` varchar(70) DEFAULT NULL,
  `column_376` varchar(70) DEFAULT NULL,
  `column_377` varchar(70) DEFAULT NULL,
  `column_378` varchar(70) DEFAULT NULL,
  `column_379` varchar(70) DEFAULT NULL,
  `column_380` varchar(70) DEFAULT NULL
) ENGINE=InnoDB DEFAULT CHARSET=utf8mb4 COLLATE=utf8mb4_0900_ai_ci;

--
-- Dumping data for table `tbl_header2`
--

INSERT INTO `tbl_header2` (`header_id`, `record_no`, `file_id`, `column_191`, `column_192`, `column_193`, `column_194`, `column_195`, `column_196`, `column_197`, `column_198`, `column_199`, `column_200`, `column_201`, `column_202`, `column_203`, `column_204`, `column_205`, `column_206`, `column_207`, `column_208`, `column_209`, `column_210`, `column_211`, `column_212`, `column_213`, `column_214`, `column_215`, `column_216`, `column_217`, `column_218`, `column_219`, `column_220`, `column_221`, `column_222`, `column_223`, `column_224`, `column_225`, `column_226`, `column_227`, `column_228`, `column_229`, `column_230`, `column_231`, `column_232`, `column_233`, `column_234`, `column_235`, `column_236`, `column_237`, `column_238`, `column_239`, `column_240`, `column_241`, `column_242`, `column_243`, `column_244`, `column_245`, `column_246`, `column_247`, `column_248`, `column_249`, `column_250`, `column_251`, `column_252`, `column_253`, `column_254`, `column_255`, `column_256`, `column_257`, `column_258`, `column_259`, `column_260`, `column_261`, `column_262`, `column_263`, `column_264`, `column_265`, `column_266`, `column_267`, `column_268`, `column_269`, `column_270`, `column_271`, `column_272`, `column_273`, `column_274`, `column_275`, `column_276`, `column_277`, `column_278`, `column_279`, `column_280`, `column_281`, `column_282`, `column_283`, `column_284`, `column_285`, `column_286`, `column_287`, `column_288`, `column_289`, `column_290`, `column_291`, `column_292`, `column_293`, `column_294`, `column_295`, `column_296`, `column_297`, `column_298`, `column_299`, `column_300`, `column_301`, `column_302`, `column_303`, `column_304`, `column_305`, `column_306`, `column_307`, `column_308`, `column_309`, `column_310`, `column_311`, `column_312`, `column_313`, `column_314`, `column_315`, `column_316`, `column_317`, `column_318`, `column_319`, `column_320`, `column_321`, `column_322`, `column_323`, `column_324`, `column_325`, `column_326`, `column_327`, `column_328`, `column_329`, `column_330`, `column_331`, `column_332`, `column_333`, `column_334`, `column_335`, `column_336`, `column_337`, `column_338`, `column_339`, `column_340`, `column_341`, `column_342`, `column_343`, `column_344`, `column_345`, `column_346`, `column_347`, `column_348`, `column_349`, `column_350`, `column_351`, `column_352`, `column_353`, `column_354`, `column_355`, `column_356`, `column_357`, `column_358`, `column_359`, `column_360`, `column_361`, `column_362`, `column_363`, `column_364`, `column_365`, `column_366`, `column_367`, `column_368`, `column_369`, `column_370`, `column_371`, `column_372`, `column_373`, `column_374`, `column_375`, `column_376`, `column_377`, `column_378`, `column_379`, `column_380`) VALUES
(1, 1, 1, NULL, NULL, NULL, NULL, NULL, NULL, NULL, NULL, NULL, NULL, NULL, NULL, NULL, NULL, NULL, NULL, NULL, NULL, NULL, NULL, NULL, NULL, NULL, NULL, NULL, NULL, NULL, NULL, NULL, NULL, NULL, NULL, NULL, NULL, NULL, NULL, NULL, NULL, NULL, NULL, NULL, NULL, NULL, NULL, NULL, NULL, NULL, NULL, NULL, NULL, NULL, NULL, NULL, NULL, NULL, NULL, NULL, NULL, NULL, NULL, NULL, NULL, NULL, NULL, NULL, NULL, NULL, NULL, NULL, NULL, NULL, NULL, NULL, NULL, NULL, NULL, NULL, NULL, NULL, NULL, NULL, NULL, NULL, NULL, NULL, NULL, NULL, NULL, NULL, NULL, NULL, NULL, NULL, NULL, NULL, NULL, NULL, NULL, NULL, NULL, NULL, NULL, NULL, NULL, NULL, NULL, NULL, NULL, NULL, NULL, NULL, NULL, NULL, NULL, NULL, NULL, NULL, NULL, NULL, NULL, NULL, NULL, NULL, NULL, NULL, NULL, NULL, NULL, NULL, NULL, NULL, NULL, NULL, NULL, NULL, NULL, NULL, NULL, NULL, NULL, NULL, NULL, NULL, NULL, NULL, NULL, NULL, NULL, NULL, NULL, NULL, NULL, NULL, NULL, NULL, NULL, NULL, NULL, NULL, NULL, NULL, NULL, NULL, NULL, NULL, NULL, NULL, NULL, NULL, NULL, NULL, NULL, NULL, NULL, NULL, NULL, NULL, NULL, NULL, NULL, NULL, NULL, NULL, NULL, NULL, NULL, NULL, NULL, NULL, NULL),
(2, 2, 2, 'PosO2-60', 'PosO2-61', 'PosO2-62', 'PosO2-63', 'PosO2-64', 'PosO2-65', 'PosO2-66', 'PosO2-67', 'PosO2-68', 'PosO2-69', 'PosO2-70', 'PosO2-71', 'PosO2-72', 'PosO2-73', 'PosO2-74', 'PosO2-75', 'PosO2-76', 'PosO2-77', 'PosO2-78', 'PosO2-79', 'PosO2-80', NULL, NULL, NULL, NULL, NULL, NULL, NULL, NULL, NULL, NULL, NULL, NULL, NULL, NULL, NULL, NULL, NULL, NULL, NULL, NULL, NULL, NULL, NULL, NULL, NULL, NULL, NULL, NULL, NULL, NULL, NULL, NULL, NULL, NULL, NULL, NULL, NULL, NULL, NULL, NULL, NULL, NULL, NULL, NULL, NULL, NULL, NULL, NULL, NULL, NULL, NULL, NULL, NULL, NULL, NULL, NULL, NULL, NULL, NULL, NULL, NULL, NULL, NULL, NULL, NULL, NULL, NULL, NULL, NULL, NULL, NULL, NULL, NULL, NULL, NULL, NULL, NULL, NULL, NULL, NULL, NULL, NULL, NULL, NULL, NULL, NULL, NULL, NULL, NULL, NULL, NULL, NULL, NULL, NULL, NULL, NULL, NULL, NULL, NULL, NULL, NULL, NULL, NULL, NULL, NULL, NULL, NULL, NULL, NULL, NULL, NULL, NULL, NULL, NULL, NULL, NULL, NULL, NULL, NULL, NULL, NULL, NULL, NULL, NULL, NULL, NULL, NULL, NULL, NULL, NULL, NULL, NULL, NULL, NULL, NULL, NULL, NULL, NULL, NULL, NULL, NULL, NULL, NULL, NULL, NULL, NULL, NULL, NULL, NULL, NULL, NULL, NULL, NULL, NULL, NULL, NULL, NULL, NULL, NULL, NULL, NULL, NULL, NULL, NULL, NULL, NULL, NULL, NULL, NULL),
(4, 3, 4, NULL, NULL, NULL, NULL, NULL, NULL, NULL, NULL, NULL, NULL, NULL, NULL, NULL, NULL, NULL, NULL, NULL, NULL, NULL, NULL, NULL, NULL, NULL, NULL, NULL, NULL, NULL, NULL, NULL, NULL, NULL, NULL, NULL, NULL, NULL, NULL, NULL, NULL, NULL, NULL, NULL, NULL, NULL, NULL, NULL, NULL, NULL, NULL, NULL, NULL, NULL, NULL, NULL, NULL, NULL, NULL, NULL, NULL, NULL, NULL, NULL, NULL, NULL, NULL, NULL, NULL, NULL, NULL, NULL, NULL, NULL, NULL, NULL, NULL, NULL, NULL, NULL, NULL, NULL, NULL, NULL, NULL, NULL, NULL, NULL, NULL, NULL, NULL, NULL, NULL, NULL, NULL, NULL, NULL, NULL, NULL, NULL, NULL, NULL, NULL, NULL, NULL, NULL, NULL, NULL, NULL, NULL, NULL, NULL, NULL, NULL, NULL, NULL, NULL, NULL, NULL, NULL, NULL, NULL, NULL, NULL, NULL, NULL, NULL, NULL, NULL, NULL, NULL, NULL, NULL, NULL, NULL, NULL, NULL, NULL, NULL, NULL, NULL, NULL, NULL, NULL, NULL, NULL, NULL, NULL, NULL, NULL, NULL, NULL, NULL, NULL, NULL, NULL, NULL, NULL, NULL, NULL, NULL, NULL, NULL, NULL, NULL, NULL, NULL, NULL, NULL, NULL, NULL, NULL, NULL, NULL, NULL, NULL, NULL, NULL, NULL, NULL, NULL, NULL, NULL, NULL, NULL, NULL, NULL, NULL, NULL, NULL, NULL, NULL, NULL),
(5, 5, 5, NULL, NULL, NULL, NULL, NULL, NULL, NULL, NULL, NULL, NULL, NULL, NULL, NULL, NULL, NULL, NULL, NULL, NULL, NULL, NULL, NULL, NULL, NULL, NULL, NULL, NULL, NULL, NULL, NULL, NULL, NULL, NULL, NULL, NULL, NULL, NULL, NULL, NULL, NULL, NULL, NULL, NULL, NULL, NULL, NULL, NULL, NULL, NULL, NULL, NULL, NULL, NULL, NULL, NULL, NULL, NULL, NULL, NULL, NULL, NULL, NULL, NULL, NULL, NULL, NULL, NULL, NULL, NULL, NULL, NULL, NULL, NULL, NULL, NULL, NULL, NULL, NULL, NULL, NULL, NULL, NULL, NULL, NULL, NULL, NULL, NULL, NULL, NULL, NULL, NULL, NULL, NULL, NULL, NULL, NULL, NULL, NULL, NULL, NULL, NULL, NULL, NULL, NULL, NULL, NULL, NULL, NULL, NULL, NULL, NULL, NULL, NULL, NULL, NULL, NULL, NULL, NULL, NULL, NULL, NULL, NULL, NULL, NULL, NULL, NULL, NULL, NULL, NULL, NULL, NULL, NULL, NULL, NULL, NULL, NULL, NULL, NULL, NULL, NULL, NULL, NULL, NULL, NULL, NULL, NULL, NULL, NULL, NULL, NULL, NULL, NULL, NULL, NULL, NULL, NULL, NULL, NULL, NULL, NULL, NULL, NULL, NULL, NULL, NULL, NULL, NULL, NULL, NULL, NULL, NULL, NULL, NULL, NULL, NULL, NULL, NULL, NULL, NULL, NULL, NULL, NULL, NULL, NULL, NULL, NULL, NULL, NULL, NULL, NULL, NULL),
(6, 6, 6, NULL, NULL, NULL, NULL, NULL, NULL, NULL, NULL, NULL, NULL, NULL, NULL, NULL, NULL, NULL, NULL, NULL, NULL, NULL, NULL, NULL, NULL, NULL, NULL, NULL, NULL, NULL, NULL, NULL, NULL, NULL, NULL, NULL, NULL, NULL, NULL, NULL, NULL, NULL, NULL, NULL, NULL, NULL, NULL, NULL, NULL, NULL, NULL, NULL, NULL, NULL, NULL, NULL, NULL, NULL, NULL, NULL, NULL, NULL, NULL, NULL, NULL, NULL, NULL, NULL, NULL, NULL, NULL, NULL, NULL, NULL, NULL, NULL, NULL, NULL, NULL, NULL, NULL, NULL, NULL, NULL, NULL, NULL, NULL, NULL, NULL, NULL, NULL, NULL, NULL, NULL, NULL, NULL, NULL, NULL, NULL, NULL, NULL, NULL, NULL, NULL, NULL, NULL, NULL, NULL, NULL, NULL, NULL, NULL, NULL, NULL, NULL, NULL, NULL, NULL, NULL, NULL, NULL, NULL, NULL, NULL, NULL, NULL, NULL, NULL, NULL, NULL, NULL, NULL, NULL, NULL, NULL, NULL, NULL, NULL, NULL, NULL, NULL, NULL, NULL, NULL, NULL, NULL, NULL, NULL, NULL, NULL, NULL, NULL, NULL, NULL, NULL, NULL, NULL, NULL, NULL, NULL, NULL, NULL, NULL, NULL, NULL, NULL, NULL, NULL, NULL, NULL, NULL, NULL, NULL, NULL, NULL, NULL, NULL, NULL, NULL, NULL, NULL, NULL, NULL, NULL, NULL, NULL, NULL, NULL, NULL, NULL, NULL, NULL, NULL),
(7, 7, 7, NULL, NULL, NULL, NULL, NULL, NULL, NULL, NULL, NULL, NULL, NULL, NULL, NULL, NULL, NULL, NULL, NULL, NULL, NULL, NULL, NULL, NULL, NULL, NULL, NULL, NULL, NULL, NULL, NULL, NULL, NULL, NULL, NULL, NULL, NULL, NULL, NULL, NULL, NULL, NULL, NULL, NULL, NULL, NULL, NULL, NULL, NULL, NULL, NULL, NULL, NULL, NULL, NULL, NULL, NULL, NULL, NULL, NULL, NULL, NULL, NULL, NULL, NULL, NULL, NULL, NULL, NULL, NULL, NULL, NULL, NULL, NULL, NULL, NULL, NULL, NULL, NULL, NULL, NULL, NULL, NULL, NULL, NULL, NULL, NULL, NULL, NULL, NULL, NULL, NULL, NULL, NULL, NULL, NULL, NULL, NULL, NULL, NULL, NULL, NULL, NULL, NULL, NULL, NULL, NULL, NULL, NULL, NULL, NULL, NULL, NULL, NULL, NULL, NULL, NULL, NULL, NULL, NULL, NULL, NULL, NULL, NULL, NULL, NULL, NULL, NULL, NULL, NULL, NULL, NULL, NULL, NULL, NULL, NULL, NULL, NULL, NULL, NULL, NULL, NULL, NULL, NULL, NULL, NULL, NULL, NULL, NULL, NULL, NULL, NULL, NULL, NULL, NULL, NULL, NULL, NULL, NULL, NULL, NULL, NULL, NULL, NULL, NULL, NULL, NULL, NULL, NULL, NULL, NULL, NULL, NULL, NULL, NULL, NULL, NULL, NULL, NULL, NULL, NULL, NULL, NULL, NULL, NULL, NULL, NULL, NULL, NULL, NULL, NULL, NULL);

-- --------------------------------------------------------

--
-- Table structure for table `tbl_line`
--

CREATE TABLE `tbl_line` (
  `line_id` varchar(200) COLLATE utf8mb4_general_ci NOT NULL,
  `line_name` varchar(64) CHARACTER SET utf8mb4 COLLATE utf8mb4_general_ci NOT NULL,
  `create_at` timestamp NOT NULL DEFAULT CURRENT_TIMESTAMP,
  `create_by` varchar(64) CHARACTER SET utf8mb4 COLLATE utf8mb4_general_ci NOT NULL,
  `update_by` varchar(100) CHARACTER SET utf8mb4 COLLATE utf8mb4_general_ci DEFAULT NULL,
  `update_date` datetime NOT NULL DEFAULT CURRENT_TIMESTAMP ON UPDATE CURRENT_TIMESTAMP
) ENGINE=InnoDB DEFAULT CHARSET=utf8mb4 COLLATE=utf8mb4_general_ci;

--
-- Dumping data for table `tbl_line`
--

INSERT INTO `tbl_line` (`line_id`, `line_name`, `create_at`, `create_by`, `update_by`, `update_date`) VALUES
('1', '1', '2025-12-17 02:52:25', 'admin', NULL, '2025-12-17 09:52:25'),
('8', '8', '2025-12-11 12:47:57', 'admin', NULL, '2025-12-11 19:47:57');

-- --------------------------------------------------------

--
-- Table structure for table `tbl_temp_application`
--

CREATE TABLE `tbl_temp_application` (
  `id` int NOT NULL,
  `name` varchar(100) NOT NULL,
  `path` varchar(100) NOT NULL
) ENGINE=InnoDB DEFAULT CHARSET=utf8mb4 COLLATE=utf8mb4_0900_ai_ci;

-- --------------------------------------------------------

--
-- Table structure for table `tbl_user`
--

CREATE TABLE `tbl_user` (
  `user_id` int NOT NULL,
  `username` varchar(64) CHARACTER SET utf8mb4 COLLATE utf8mb4_general_ci NOT NULL,
  `password` varchar(64) CHARACTER SET utf8mb4 COLLATE utf8mb4_general_ci NOT NULL,
  `rule` varchar(64) CHARACTER SET utf8mb4 COLLATE utf8mb4_general_ci NOT NULL
) ENGINE=InnoDB DEFAULT CHARSET=utf8mb4 COLLATE=utf8mb4_general_ci;

--
-- Dumping data for table `tbl_user`
--

INSERT INTO `tbl_user` (`user_id`, `username`, `password`, `rule`) VALUES
(1, 'admin', '$2y$10$wwX59l.50xDpWJAYPhgzmOAw1HFMjK7.q5AY7YgIkyNrh.oeCy6XC', 'admin');

-- --------------------------------------------------------

--
-- Table structure for table `tbl_user_settings`
--

CREATE TABLE `tbl_user_settings` (
  `id` int NOT NULL,
  `user_id` int NOT NULL,
  `site_name` varchar(50) NOT NULL,
  `site_label` varchar(100) DEFAULT NULL,
  `line_id` int DEFAULT NULL,
  `application_id` int DEFAULT NULL,
  `file_id` int DEFAULT NULL,
  `header_name` varchar(255) DEFAULT NULL,
  `is_active` tinyint(1) NOT NULL DEFAULT '1',
  `custom_lcl` double DEFAULT NULL,
  `custom_ucl` double DEFAULT NULL,
  `lower_boundary` double DEFAULT NULL,
  `interval_width` double DEFAULT NULL,
  `cp_limit` decimal(10,4) DEFAULT '0.8500',
  `cpk_limit` decimal(10,4) DEFAULT '0.8500'
) ENGINE=InnoDB DEFAULT CHARSET=utf8mb4 COLLATE=utf8mb4_0900_ai_ci;

--
-- Dumping data for table `tbl_user_settings`
--

INSERT INTO `tbl_user_settings` (`id`, `user_id`, `site_name`, `site_label`, `line_id`, `application_id`, `file_id`, `header_name`, `is_active`, `custom_lcl`, `custom_ucl`, `lower_boundary`, `interval_width`, `cp_limit`, `cpk_limit`) VALUES
(1, 1, 'site1', 'an', 1, 55, 2, 'AccZAll', 0, 1, 2.4, 0.35, 0.1, '0.8500', '0.8500'),
(258, 1, 'site2', 'nma site', 1, 55, 2, 'AccZ1-2', 0, 3, 2, 2, 1, '1.0000', '1.0000'),
(328, 1, 'site4', '', NULL, NULL, NULL, '', 0, NULL, NULL, NULL, NULL, '0.0000', '0.0000'),
(361, 1, 'site6', 'ka', NULL, NULL, NULL, '', 0, NULL, NULL, NULL, NULL, '0.0000', '0.0000'),
(370, 1, 'site7', 'a', NULL, NULL, NULL, '', 0, NULL, NULL, NULL, NULL, '0.0000', '0.0000'),
(392, 1, 'site8', 'h', 1, NULL, NULL, '', 0, NULL, NULL, NULL, NULL, '0.0000', '0.0000'),
(399, 1, 'site9', 'nkkknk', 1, NULL, NULL, '', 0, NULL, NULL, NULL, NULL, '0.0000', '0.0000'),
(402, 1, 'site10', 'saieh', NULL, NULL, NULL, '', 0, NULL, NULL, NULL, NULL, '0.0000', '0.0000'),
(405, 1, 'site11', 'ka', 1, 55, 2, 'AccOAll', 0, 0, 1, 1, 1, '0.0000', '0.0000'),
(449, 1, 'site12', '', 1, 55, 6, 'ZeroSide', 0, NULL, NULL, NULL, NULL, '0.0000', '0.0000');

--
-- Indexes for dumped tables
--

--
-- Indexes for table `tbl_application`
--
ALTER TABLE `tbl_application`
  ADD PRIMARY KEY (`id`),
  ADD KEY `name` (`name`);

--
-- Indexes for table `tbl_data`
--
ALTER TABLE `tbl_data`
  ADD PRIMARY KEY (`data_id`),
  ADD UNIQUE KEY `record` (`record_no`),
  ADD KEY `record_no` (`record_no`,`date`,`time`,`line_id`,`application_id`,`file_id`,`header_id`);

--
-- Indexes for table `tbl_data2`
--
ALTER TABLE `tbl_data2`
  ADD PRIMARY KEY (`data_id`),
  ADD UNIQUE KEY `record` (`record_no`),
  ADD KEY `date` (`date`,`time`,`line_id`,`application_id`,`file_id`,`header_id`);

--
-- Indexes for table `tbl_detail_line`
--
ALTER TABLE `tbl_detail_line`
  ADD PRIMARY KEY (`id_detail`),
  ADD KEY `line_id` (`line_id`,`application_id`);

--
-- Indexes for table `tbl_filename`
--
ALTER TABLE `tbl_filename`
  ADD PRIMARY KEY (`file_id`),
  ADD KEY `temp_id` (`temp_id`,`application_id`,`filename`);

--
-- Indexes for table `tbl_header`
--
ALTER TABLE `tbl_header`
  ADD PRIMARY KEY (`header_id`),
  ADD UNIQUE KEY `record` (`record_no`),
  ADD KEY `file_id` (`file_id`);

--
-- Indexes for table `tbl_header2`
--
ALTER TABLE `tbl_header2`
  ADD PRIMARY KEY (`header_id`),
  ADD UNIQUE KEY `record` (`record_no`),
  ADD KEY `file_id` (`file_id`);

--
-- Indexes for table `tbl_line`
--
ALTER TABLE `tbl_line`
  ADD PRIMARY KEY (`line_id`),
  ADD KEY `line_name` (`line_name`),
  ADD KEY `line_id` (`line_id`);

--
-- Indexes for table `tbl_temp_application`
--
ALTER TABLE `tbl_temp_application`
  ADD PRIMARY KEY (`id`);

--
-- Indexes for table `tbl_user`
--
ALTER TABLE `tbl_user`
  ADD PRIMARY KEY (`user_id`),
  ADD KEY `username` (`username`);

--
-- Indexes for table `tbl_user_settings`
--
ALTER TABLE `tbl_user_settings`
  ADD PRIMARY KEY (`id`),
  ADD UNIQUE KEY `uk_user_site` (`user_id`,`site_name`),
  ADD UNIQUE KEY `site_name` (`site_name`),
  ADD KEY `line_id` (`line_id`,`application_id`,`file_id`,`header_name`);

--
-- AUTO_INCREMENT for dumped tables
--

--
-- AUTO_INCREMENT for table `tbl_application`
--
ALTER TABLE `tbl_application`
  MODIFY `id` int NOT NULL AUTO_INCREMENT, AUTO_INCREMENT=58;

--
-- AUTO_INCREMENT for table `tbl_data`
--
ALTER TABLE `tbl_data`
  MODIFY `data_id` bigint UNSIGNED NOT NULL AUTO_INCREMENT, AUTO_INCREMENT=32;

--
-- AUTO_INCREMENT for table `tbl_data2`
--
ALTER TABLE `tbl_data2`
  MODIFY `data_id` bigint UNSIGNED NOT NULL AUTO_INCREMENT, AUTO_INCREMENT=32;

--
-- AUTO_INCREMENT for table `tbl_detail_line`
--
ALTER TABLE `tbl_detail_line`
  MODIFY `id_detail` int NOT NULL AUTO_INCREMENT, AUTO_INCREMENT=6;

--
-- AUTO_INCREMENT for table `tbl_filename`
--
ALTER TABLE `tbl_filename`
  MODIFY `file_id` int NOT NULL AUTO_INCREMENT, AUTO_INCREMENT=8;

--
-- AUTO_INCREMENT for table `tbl_header`
--
ALTER TABLE `tbl_header`
  MODIFY `header_id` int NOT NULL AUTO_INCREMENT, AUTO_INCREMENT=8;

--
-- AUTO_INCREMENT for table `tbl_header2`
--
ALTER TABLE `tbl_header2`
  MODIFY `header_id` int NOT NULL AUTO_INCREMENT, AUTO_INCREMENT=8;

--
-- AUTO_INCREMENT for table `tbl_temp_application`
--
ALTER TABLE `tbl_temp_application`
  MODIFY `id` int NOT NULL AUTO_INCREMENT, AUTO_INCREMENT=58;

--
-- AUTO_INCREMENT for table `tbl_user`
--
ALTER TABLE `tbl_user`
  MODIFY `user_id` int NOT NULL AUTO_INCREMENT, AUTO_INCREMENT=5;

--
-- AUTO_INCREMENT for table `tbl_user_settings`
--
ALTER TABLE `tbl_user_settings`
  MODIFY `id` int NOT NULL AUTO_INCREMENT, AUTO_INCREMENT=459;
COMMIT;

/*!40101 SET CHARACTER_SET_CLIENT=@OLD_CHARACTER_SET_CLIENT */;
/*!40101 SET CHARACTER_SET_RESULTS=@OLD_CHARACTER_SET_RESULTS */;
/*!40101 SET COLLATION_CONNECTION=@OLD_COLLATION_CONNECTION */;
